Address,Genesis Qty,Clawback Qty
osmo100a325n9ct4m2egvctrh48zheg2hwl5lr26rzy,2,1.894419
osmo100a3h8gujg4ydnk0te6ru5nz9uh5eundqt56nn,2,1e-06
osmo100fjd4fgvavlevh44wqtfl8e46ryyzmh6xca3u,1,0.694621
osmo102qk6946cweqm678a0da7e5vusglvhrn2tsjqj,1,1.0
osmo102ruvpv2srmunfffxavttxnhezln6fnce66wae,13,11.792584
osmo10386s0yz7grheny3spfhc3av2uwk52j3ut2kf9,2,0.912332
osmo103agss48504gkk3la5xcg5kxplaf6ttn3rd50k,5,5.0
osmo103c4g7vyq9lxd5t7e9jv038a57ru7knc5drdg8,1,0.0001
osmo105l5r3rjtynn7lg362r2m9hkpfvmgmjtkglsn9,7,15.727405
osmo1065smngmfh2fftdcj8xz7quh54ks4pfhn4kpx9,3,2.837755
osmo1068xpzrd99fns7sy74e9y4tqcpq0trktrtecj6,2,0.052951
osmo106rfmwj6w6x3fda06zya5pdcygm8774u0wlr6v,1,1.000003
osmo107e4c56a7cjch7t506rn8c6qm8e7vl7g40kh78,3,1.918554
osmo107vjqq2g0ksant3ga08s6am7j9pk7vwqhj0vr0,1,2.43725
osmo1083svrca4t350mphfv9x45wq9asrs60cq5yv9n,1,2.747302
osmo108m6mvhujyx75p0y53p0dwfad536jjwrm7c322,3,1.102634
osmo108yw43as5l6gchwx8f6xa2d9zce45gw02xg48h,1,1.0
osmo1098nha0z7d43k2uh2as7a3ywx2q3w8wjsvtz2s,1,1.022926
osmo10ehv80hlfdh6avh40gwspm0klwrgg9xtt8t986,1,1.0
osmo10enwna0utlf3wj5zqf53zz8g9arqad73hqjkmv,1,1.0
osmo10fqrw8vrmp6csljkjstedg0v3uxzeu24xhsxxk,4,2.945067
osmo10gzqgrvmnht8rmc85f9q0ll4k2z7432ghqq8th,1,1.0
osmo10h0mclun4jkwwz5pkg3a74vmzjl0famvcvvap2,1,0.59158
osmo10hc0ylp6t0fmwpyga2zc6zj5qcf3ed0nuxvuva,1,1.0
osmo10jrwe0uzsz3s37ssaqss4eyha5tfzzu9gkmssf,1,0.992986
osmo10jsxtgvj4egx0nfr7zed4x6gv4xpj05xjren96,2,0.250613
osmo10ka033a6vx803h7hd4mfe3l8ky0txwcqyunzdj,2,2.0
osmo10l3rfs5eya90utgm6g3lrtf6pzff3mucky558p,3,3.459708
osmo10l56qdud5g6qt3pzywy65urm9cle0mx7pm8hlw,1,1.102324
osmo10ljqqrcn9rp95qvfs7x3vgw5zlzlfrhx5t84v8,1,1.0
osmo10npjtclfw6yju8lrk52p04hljk8acsjh4rlmvf,1,0.889275
osmo10nzaaeh2kq28t3nqsh5m8kmyv90vx7yme5xcv8,3,3.0
osmo10p4snfgpwumjxyckpgu3q98qcsrpljsmaeayuz,2,2.0
osmo10qa4cg48pgxu5mmtev38p78n4uyevd2fxgm0vy,2,0.0001
osmo10rdut36lnhsrudd3t4zqqgpvrmxam4leprsszg,1,0.763123
osmo10rk2v8pxjnldtxuy9ds0s5na9qjcmh5yvc8w8g,3,2.823141
osmo10sxe9z0xt5hjs78t0q60p0wzuhlzq5m6lcd63h,3,1.674849
osmo10tgsx0xza7v4kaaw23cyglcpr27c86qryxga3z,2,1.194242
osmo10uqudqs9cs9acxwdln8s0t23su6sputhsyxy9d,1,0.0001
osmo10vkkjh7fhhmzgc44cfmj6pwzk5z6ummwhvyrmz,7,3.0
osmo10vxufrnag7ex7euzjrr4c82qf7pjg8mc25w49a,2,1.008087
osmo10vzhpxd8k4u39qfsgwztkup072egm3947h27h3,1,0.052373
osmo10xyd28tn74s2fvzhy7ev4jarcueatpyzp3h94d,1,0.507574
osmo10ylwrajltnwt6dvrtuxfs0j66e38lgx5kju4p9,1,1.0
osmo1206mghh7a4ha8w2jputtj7xaflrplaag6mgz8r,2,1.982947
osmo1229cg2630xhnug8kal34yzyuvl3303asf8whly,1,1.0
osmo122taa46qrdv22ryk6v9wvs285y24q9z2vk69q8,1,0.016926
osmo1234k068w7verh0ru073dnh6hqq88kcyn4ajffs,3,3.0
osmo12359v3j2y37w7ezmke9ruqf8sug7kwsmu2ca5h,1,1.0
osmo123kc3cfvh2epdughwhv9r98y8hl4l3qh3hzgu0,6,1.0
osmo124maqmcqv8tquy764ktz7cu0gxnzfw5477tt5x,10,10.0
osmo124tztqwj5lkf434pq9jjcxykda2mn9648hyh30,1,0.539931
osmo1257z002rhrcudd5468zh4ve25uq0mf0c7u2y08,1,1.0
osmo125nzdjndr6g8sy4z999qllpre9xyzdujp75vf8,1,0.496679
osmo125s2fr0x3fhzwr8m57x0nv58xv39kv3hufh00j,1,0.980699
osmo12736ed7frh0uxwv2tm29qz8v30fe03kqkc4pkc,3,1e-06
osmo127c4cespmkzv6rak0uuflfggp4pzrp37ks3kp0,12,3.042271
osmo127pdm2umuvppet63lezvjv5flrvfyjrqsfaf6k,1,0.469293
osmo128zjnjs237ku8uqn33wyar9lz5uhyfck94quhu,1,1.007201
osmo129ekzf5pmmtf2ktkutzpkxch0pedkvq24hzyxa,4,2.414237
osmo12az976k62c4qlsfy0tz2ujtw73vvhpqnr42ryt,3,0.005841
osmo12cp4ln8xeutas3kl9vv49khq8nyrmxfma89rvc,1,0.200286
osmo12d8gk9hdnvnrryvnr25xqc27cshalh5qd7gh5k,1,1.070627
osmo12dcn0w3km74rg8ygje0zd0rqmwu9448uvqld2h,1,1.0
osmo12exmmu65tpupls4hug5mc4un393dzcrj5e6mfl,2,0.896358
osmo12fpydvdxp8gu8hs4hceadj90t3as0qkvkzxfu7,1,0.841398
osmo12fzwhlnsdk22hksrfvhlew4y2pw9redaheavs8,2,1.9999
osmo12g9y7pj36q3rfkfvd7emy8fqvmywuweqyd99ka,1,1.0
osmo12ghus5t3dhhxsky8vcfffhjs2kmdst06aamwqj,1,1.0
osmo12glux0ke2j8f5zd7w6480n6pa0ytle3s5twhrr,1,1.0
osmo12gskjsuv84g4ulxfffzqlw8s342tuf05e8p64d,2,2.0
osmo12h92f8jjzpdsn8axdecx46zmpny5ksd0z4ugqg,1,0.557398
osmo12h92lzp5cdwfzlsrcxqeh8jw66fr894008rn0t,1,0.738037
osmo12hnhnxtej4qqq9072lc2rxva405wpgsr7td20s,4,3.231491
osmo12hyv6qsvd5ts3pe08l8euccrunmp5ry26k87zq,4,3.401105
osmo12jpf5yducxnd0dms3sxlgcsjejhj6gghvtyw2f,1,1.0
osmo12n8us22erhxcj0df4hkgrqpfpdppyaeyus072c,1,0.5
osmo12pacz5tyulvluu0tl6kld3txhdu70dxg4jj2p7,2,0.963051
osmo12pek06px76y2mr2fp7ew4wz8asxv3rpwgvdjww,8,2.030399
osmo12pnn4zl8cqwd3gedv8ydeq5x5x2pl5uj9gg6hy,1,1.0
osmo12q9urhjzrkpkuf4cq2mrhqtqfwgvejtegneqcw,2,2.0
osmo12rm33yfsm6cqg9n45wseqqctks88jmespju4xw,2,1.907281
osmo12scnajjddcrkskht7mj7qplzxh7zkzfwey0qdd,1,0.486268
osmo12t0jh53ufgw0ept6hkcd5gaqupnpakd4994pr6,1,1.0
osmo12takrk3gtnzvhglyldhnu9pghvqgxt8kvfjg8u,2,0.909827
osmo12tc02wts4kmjs079zmytn7w5pl32e9xzn3cj3w,2,0.28354
osmo12tdulmvjmsmpaqrpshz0emu0h9sqz5x5vltjjv,2,1.637694
osmo12u4ucpu42s9r0uth4k9hrpzfspdrp4lhpv32rc,1,0.690689
osmo12usue8q9w5mmvuteh0k40h0zzutlm9k0c36am2,4,4.127958
osmo12wsvehxqc9an5da9rlzgv5lwjaa7ccparjdfrl,2,0.644352
osmo12wtm84yh5t0jmmunvscgj6vl2rs73pau7lg49u,1,1.0
osmo12xenugjgh9pevjz0hd935ee3zqhpvwstzf2jpf,1,1.0
osmo12ysc6z4fnkwlnf54ur58eq7r0er0k0j58qc7s5,1,0.153315
osmo12z2988anxfkyrn9jtd942xgjlxqk6t8m5cxage,1,0.454933
osmo130mdu9a0etmeuw52qfxk73pn0ga6gawktly65g,19,21.069411
osmo132yvlsuf0ufpt5tcsvtr30qqlwn6h5a2u8qat0,1,0.007528
osmo13306hrp8e9y9z8lv5h2eccupffj8kw95hwx292,1,0.018961
osmo133t8m00w7llsslnf05zdhehharntly8dt2x2cj,6,12.0
osmo134etyls3hfkt3alwl09w3nnfqrdhqa7nq9mhm2,2,1.85533
osmo1352qm92l6p3w4jldzd66yl9xl4c84zedtaeq4k,1,1.0
osmo135c82rgh2s5g36cepsv6r3s87dgp0dmrs5vmvq,1,1.0
osmo135k5uym2xh7pzhafzamfa5fchkeerl98ekyklm,1,0.05276
osmo135qla4294zxarqhhgxsx0sw56yssa3z0p953da,2,2.0
osmo136hvf8mvh4ufde8wcjym9zhgaz30zdajwsefm8,1,1.0
osmo137uqhz0u6h0zpn3w5rmhtr98d4m80hf9jqd32j,3,1.840195
osmo138yjsaz40xurlayc50k448k2vemky4ag64u02r,2,0.927291
osmo13944048lk3j8kz9q040nus2awvlfwmrvqeaynm,2,1.534413
osmo139fg9hfatne44y9e8drx07ultvyed9hlxekvpx,1,1.0
osmo13acu2gmykq658hht7x7hafhrcjlpkcrynse5uq,10,2.690658
osmo13ce5xmpm08c8e48hum4t08mtax59gtgxj6ravs,1,1e-06
osmo13dyezaxs8zwjldqedjnu7peldxvqwkzmqzdk3d,2,2.0
osmo13g4t6h62v2fzn6rge8xlaqwy02xn7lfx5657g8,2,2.0
osmo13gjhk3pmmusvdrsgqwdc74fcafdmvex0h47y3q,5,3.367938
osmo13hfzclxsgzywxfyh5tvhxff3mnnr6jskv2kqyz,2,2.0
osmo13hgplqnsp0hwlx9cesjmweadqetas57l0w2zy6,2,1.999848
osmo13hk90m4hyjm60y4rwztkqsganugst3m0teadlu,1,1.0
osmo13hxvfec0drkvsgwrms232puyr66hsdg85zp2dn,1,1.0
osmo13k6qfw70078hzfwmnxucaz22tvfst526z9tqwp,1,5.649028
osmo13l2cphu2rldhmygrwn2un79j05rhywnkwvvlw6,2,2.0
osmo13lc3a5z2leysy437ps8dwj5gs7y9tna6lj0ptx,1,1.004141
osmo13lfwqjqfzfe2muq3j273y2l2tuzgkrp8jt5j0u,1,0.852437
osmo13lmh7zyl4rtvvxyx9tszwfv4efsmfz7ar22j7j,4,0.316944
osmo13lmkeht48fahj6p5se2q07dwj3xczhqnw342cx,1,0.641786
osmo13mdcl758ve9lyh6vwz7m9707356snth4arh8dy,3,3.0
osmo13mzcw7ezlgzcgpls7xqxpsg5qqsxvp8j9nd52p,1,1.0
osmo13pw2eflhygv2rll337fze6m24gu04h58we28q2,1,4.196477
osmo13uus00dk300jg7n02rdh9dxzfkgfyj90y6qlrh,1,1.0
osmo13vwzpmmada8aangxtjyfschf04fh7mfj209m80,4,3.971163
osmo13x77yexvf6qexfjg9czp6jhpv7vpjdwwmtsu0q,9,9.000002
osmo13zhgpnl4dzq9x0p9eytzmmn66jlaj3z7yzcadf,1,0.009438
osmo13zvrzx4jllv7vyc3e4nfq02qlxjy0z60hq79v0,1,1.665172
osmo140achkhvd4u79uhyfaszjwn8y7yq90lr7yc9mc,3,3.913202
osmo140r4eptd3v6hsmnaze5vdq2ngdav8f9qfedu7f,2,1.902451
osmo1427rtyet0j4qayl6pyxtmmj9qqmmpptkt2v0vh,2,8.17333
osmo1428dpgezrcm40j72rljuvsqxth5j5p8n0y99lq,3,7.611397
osmo144m3alupxutcju0tnu2kur9hqsf5k5800exh2g,1,1.0
osmo1455756558zywcdhvrne9tr0zemtu6lpmsywyms,1,0.9552
osmo1463e4vj52dtfz7a0kpg8fqtdczuyqeudxurs24,1,1.0
osmo146kwpzhmleafmhtaxulfptyhnvwxzlvm23stf6,8,8.0
osmo147c6pydtytffp53zn9ermvf9d2xas9m83c589j,1,1.0
osmo147rl7s7azevxvxzlgzy5elxdxvedhauq8g859m,1,0.047694
osmo148045k6x9f4wmmg84zqumckk5rs34rqahj2p3v,1,1.0
osmo149g2tl9xakprzs5f854ntu5fthdgmuqddx7l7p,2,13.884886
osmo14dmelcmvwq8sefu5tr4atv98u6ur9c2048yt5m,7,1.0
osmo14dw8ulhtl4l3839k4m8xvs7dm9kzfvd4g3lp80,1,0.004063
osmo14eflcqm6rzlvauwdvw29gg2vqjmddn0937jd6y,1,2.398785
osmo14eknt2dqn4kznsmhavte4tckht4n93c65x2v5d,1,1.000001
osmo14fqtpynvp6vcn4hwu5k6fw3rtxzp5yd5u4e473,10,8.0
osmo14fx7rajzd2xhk8ypzkyyrqmfa4p4aezgfq49d6,1,0.0001
osmo14fxr4yckqfzmu89309az63nets4d04g2erhwxa,1,0.01
osmo14g2k4karj0ccszyy604qr8rsd5852k6hp5ls4v,1,1.0
osmo14g7km9np037g5cs379dj8l048yyn8qf45px74g,1,0.0001
osmo14gdqpjm3zsujyhqsfz5rna8ksqnrzdjg48ejj7,3,1e-06
osmo14h59xe0y8y8fgg3r9aycdfml043kksrmvpuze3,2,1.029417
osmo14jghwya6uh2anhpfnrdcl3sca9wvz6qryr4ep0,1,0.59158
osmo14kn0kk33szpwus9nh8n87fjel8djx0y0nqr7pn,19,22.49623
osmo14lultfckehtszvzw4ehu0apvsr77afvylnn8c9,18,14.424678
osmo14n9c5zcwuuczwkhut30rwy9mgyrv3pc46gnz5q,2,2.0
osmo14nkkqfrer478teprf20wl3dpmqprjsa24576lk,1,0.736516
osmo14pmxdrjhw5phezzcqlk0z25t4mpq24enjstjgx,2,1.682115
osmo14pq3egm63mvzdztkmczml5kfw5ukugzgxq6yd3,2,0.240175
osmo14qmshhxdhc5ze0yzapz2zhhw377gnn6m0fmfq3,2,0.646403
osmo14qw457h2qnnf3fjj6ufyrmm2an74w2xg4nssg2,1,8.123132
osmo14rcn5s80v2fthgzw0pkvkwgke4ss8ew8xw0wml,1,1.22652
osmo14seq6te8p86u0rr6seydc4q7zq0x5asrkgxqhh,1,1.0
osmo14shefcewhhn9ar30kr6zwjtrsxr4ujvzvjs0dp,1,0.05
osmo14ss72catjh0f2jnzmts2mwk3ehpyzd0c3dqdv7,1,1.0
osmo14t8y6agw28wyeflvqdjd3thkazkta6ux6zvc6z,1,1.0
osmo14ualw5s00dhytkfrrptukg6cv8p6s9c6ead35h,3,0.966767
osmo14wzgrgshpwshngsv0eh26e6vhqvhrtap99g6h2,1,0.416957
osmo14wzr7uscha2ucn9tj673tqw3uqx7xnd87uyvj5,2,2.0
osmo14x4yd0m6r7ee6s3zfpvgjal5d7avk98p8jdva7,1,0.896983
osmo14xgdfdnpjtulj6p7rkc75ekxqjq8hc5ckaf8hl,13,11.875429
osmo14yu02qh35pqln6j0tdlzw43c275nhpvt6dy093,2,3.368537
osmo15073885eaa6649xwwug2nxlmcceqwj56uwzhwe,1,1.0
osmo1509pyftumsatauh4aqk7xlt2kckmrfya9mwe48,1,1.0
osmo153pg94s7x34h7peqrey79lte22fl5qxsj9jxkp,1,1.0
osmo153qylh62huvyzvgvlvqmf6kvwjaekekyg9ptry,2,2.0
osmo153ytyptd0vrgq3pq4dz4fvgquxch57zy3vf2ts,2,2.0
osmo155cprx8su89u09kejec2p50pjhlwverkf7e4kp,1,0.25
osmo15628n3l2a8f89s5vr5q3zxy97x3as77wmt4zez,4,2.762753
osmo156e7cm8lsmwcvy5whxs3dd6a4ztrzucrgp698r,1,1.0
osmo1578va5kclnwszexy9z0djx293fffvhh0fpwmm8,1,0.279443
osmo157e54tt6gs32yrwhcnty9h7kuvlwvnzd45vnvl,3,1.441396
osmo157g0sp3wkq8lkywk9aguu266f46np2tllpv00h,1,1.0
osmo158kcen25wcfkymmhjwel2490lmlf4wtdgt7war,1,0.0001
osmo1590ug5m44064w8k8kz2a55sgaryddwx73s9zms,1,0.25
osmo15a84pmu5qa9pps40g7vyzqar0p77mg0ekduya8,3,0.950067
osmo15axchpn3yarrt59ykn2r5sh8qdwmrwty4d948d,2,0.181328
osmo15czt5nhlnvayqq37xun9s9yus0d6y26dw9xnzn,5,5.064751
osmo15en8sl2rhwzx3rjx0yu5nqfcag0h5kcrzjqv27,1,1.0
osmo15f6nvuqsun8ky9tz57dhphleta68hu3pvq5hks,3,1.496092
osmo15fdat3fthge7u8a5s6dakmtmg8wjhg58gzqd5x,2,2.0
osmo15hn9sa2m8mz63g8n0frkef97c2qsx95an4gt78,2,2.0
osmo15hqfu8xc9f7fqrz4ryjsd27umpapf5t7kxxk8u,1,0.5
osmo15njsc4lap2h94xum2xatf9xmex4088u96rg36h,4,4.090456
osmo15s5n453h00tm3jrc2de3mn7r6jwkcg4guunyrh,1,1.0
osmo15sxd33p67wyn37zz5yn0jpheeq8kkdnvj4u6xy,2,2.0
osmo15tgdsn4te5rv3jtxk240lqz5n726029m3fwlyh,2,2.087116
osmo15urq2dtp9qce4fyc85m6upwm9xul30495qdm4l,13,13.000011
osmo15vsk7yhy3n03uamjac44ufwskwqzs2eg9teqcw,1,0.150817
osmo16336nwqm9qdq0h9hnsaldm6eqn746tm0jpyp78,1,0.149528
osmo163kjqgwuwljat2ul5wa9vwez8vzwfr4ygytar2,1,1.0
osmo165h0cw37k9lv4y6c5z25qfus00a76nra6mux9d,1,0.921107
osmo166rntwn043sj8xpkdwvrk6grts7e55k5uwvquv,1,1.009963
osmo1675luqzzd4l4vy3n3hrwlsw587855fp5dz56h5,1,0.30292
osmo167zkszf5qhwwkfkvy2dkcsyqqd7fge2h7s74ec,2,0.929403
osmo1682fv98q8t44yhrgzapz79lzzgdfp2mwapw3yg,1,1.0
osmo16862syzdtc6h0sxz92jhnjjas5yhhjgz8v7dxc,2,0.008331
osmo1696qscgzpma5jr69un5ddd3s3c5028u9gemqtd,1,0.948655
osmo16a24tysqtre4234lafk75ptawyr4yqwp33z895,1,1.0
osmo16cqwm38yhwggwt872swg63jh5vltd0fvh8tgau,1,1.0
osmo16ff95ps68m9zr6gngs3rt442jr6079dyaexp9c,1,3.106733
osmo16jx83655usvn9d7pve3l370929ud982eaq78e8,1,0.735844
osmo16k579jk6yt2cwmqx9dz5xvq9fug2tekvjnz9hd,10,10.0
osmo16l5jk2m9mkfhe862wyfx5dyz57vrf056yvkuxj,1,1.00835
osmo16l5mcp4ar7cl646r6nmy8q7f5ujzxxde7h3pew,1,1.0
osmo16nsxy6mwevx2lj8z8jfrphy0x4d9zpc8v9yqyt,1,0.424268
osmo16qzf44cpkgy86xfs4h3fxhaec693k7lgc0k0g0,5,5.0
osmo16r39ghhwqjcwxa8q3yswlz8jhzldygy66vlm82,2,42.222877
osmo16sknqh6mfamcymz5pjc4pe9xg0zrl8pruxuanc,4,2.0
osmo16sp25c8jvcs54atlkvmmaum05yu7r6l6mlyr2g,2,1e-06
osmo16txl4ftqww3n5uqdhrd89smwfatqnhd704qq3w,2,2.0
osmo16vgnvukm5w4np3d5lsw79r96qfan7m8rrcwada,1,4e-06
osmo16vvf4hjqjarfyy92hpkm4jtde7sxydn2sxl75f,1,0.420201
osmo16w2zra2jd8lvul3kaftdjgypntg34qh2qkgecn,1,1.0
osmo16x03wcp37kx5e8ehckjxvwcgk9j0cqnhm8m3yy,4,6.924326
osmo16xdwunvp30rrd2g9997j27lh6kmdgap7c67kla,2,2.0
osmo17070wwjhlurczgm9658k7p9a8ds08shjtdf822,1,1.005627
osmo170trg09799ek4fk7sp5s2f7s6n8yhyp4nw8ks2,1,0.886313
osmo172y5tmtx47xww7l5pss62zxvqd99apf68gfmng,2,0.65
osmo17304ku5628k0jz9nhtzcv7tzef6f357cmqv3eq,1,0.01
osmo173k74w7c3pd9yfjg0mervs6kmcmelyr8wndl6q,1,1.0
osmo175tx90yzqtwv2y2523kae6takv27ljmlct60w0,1,1.0
osmo1774ydury9wqw872r9f8lrjj3srec8e2rly2laj,2,0.238281
osmo178h2jmpz3xwenl3du920zw3rweq8u3elfustx7,1,0.986352
osmo178ldagr6x47xmr7pq8h6t0k3knkt5czup9n29f,1,1.0
osmo179cl5v7dr2ww8crpeuevfvc4yy0e79g8w2hstg,1,1.997908
osmo17aq3d97lep6t5ftq8dp0ad4pc72xrhzs4shqev,2,1.049516
osmo17c0u77yaqjtgkz2gn26gf3n6p3mdmyne786m2e,1,0.511078
osmo17cyjmvrw8ejnymv8rfgfgf4efud7d8hfjqccvx,1,1.0
osmo17d30h3rsr7prsanp45um2scljryp5xueg7h9tw,1,1.0
osmo17exchtwv8fr99tzktzlq8635ae7ke4zr6pwzjy,1,1.030284
osmo17fnnjn90gawufm4ah4agk5wwdqk4nm9x3wjfhn,1,0.276225
osmo17g3wxjfy0sjr5elacp9c2p9m2wm00xntdc709a,1,0.068698
osmo17guyrfqplultaaw3ad7m0s3ggrmactywq06kjd,1,1.0
osmo17gwektezwrc798g3pzmf6tn9agt5k9vsgl4w9g,1,0.202907
osmo17hpg0ekmlv7q3qcrzkc0gkrrrytzfpaysf2l64,1,1.0
osmo17kgd0frfwzq9d7a8rp2k3sfy2euvlrdcjq9hju,2,2.0
osmo17knx6xzq7l3sanrxymvpyep3nzumvmn63w6002,3,2.730731
osmo17mrgrpdyt2e5a35zr3ej0474s2j8824csawts7,1,1.006743
osmo17n4vuetssvx09say2p0ekjjgv7aa8z060nfjmx,2,2.0
osmo17ng5jlpx47up539f2ujvwk2lqswt7dclfu6p84,1,1.0
osmo17nzlp3ht3ucpdv67d9clej524v50r6srd7jpet,2,1.706474
osmo17pz7rlzlgsne9luslvxpchn5m3p5fgrq3jml35,10,1.897394
osmo17qfp6dnfezxylpjyxxsmmw2qpgmsjewgy93ge4,1,0.427881
osmo17rjmf8q7senka2cmu3nhpxxns9wx97mf36gv9w,2,0.959748
osmo17rx4caclnlkqwlkq4hq3aq0cvj993pnfqjcz39,1,0.223964
osmo17szv873pcrvx7wde7q9n7agd6zl3z0gepanux6,1,1.0
osmo17u0djwa0z3y9e829w2u2g06tr8cd3x9p5f2a35,1,1.0
osmo17umty3pp23c2mzdfudezk8yuaqua7cc3u9vlyg,1,1.0
osmo17vmqk3muedacn2ggh5kgk9d2hsayc4qhfa4228,1,1.0
osmo17vqcum09r9a3tqhjhzd9x595g7u5ytq3xz5v4f,11,8.646721
osmo17wjj4e4xjlk6qtdk3uw432vs3pmvkv0d3p3wlg,5,4.128021
osmo17xe26vg2kjpgy25wtzpxurx8fd9nxex0ad5h4c,7,1.97579
osmo17ypesa5630raukqnpmgdll3n0c0mzfpkmx0c57,1,0.360812
osmo17yrzllqlld2rm88eaj0lvtyxsvrp95f37y5zf0,1,0.501318
osmo17ywau03pe0jfqsa4gqmzjychat579r7aew2ll8,1,1.0
osmo17zae54834swfz7nur6hnzf6wqh9vsfrksgmq9d,1,0.99649
osmo17zefp2q46ats0327lkag4f8ve5zeljeccxyvs2,2,2.0
osmo17zp8dxwj40kw0998gv6x4z669cl8dsj3u5g2dy,3,5.928423
osmo180c39urf2eekhssxxq2pn44smx7zw2r2sskq2c,1,1.0
osmo180v0kukrnjnpmw2y9ey85wrm2ckju88qyn3jx5,1,0.834799
osmo18209hfrqcwvu9gufukf73v0y0kmwlzzeymlr49,2,0.5
osmo1824l92w6eh4jqzjp6s4ykwaa42utps5tkke708,1,1.0
osmo182mzj3c7hg96fsaratn0wt2khgtgxgvl6e0n7v,1,0.955779
osmo182xlpqjrrcw9nxd8g2chzzwygx3zuk8mg6ntw3,1,0.307049
osmo183k8depl0m49ysd5mnc5fjekuclepn7gmn33xh,1,0.002293
osmo183xw8l4vs7jxx872hucdp56dfgansunz0uwcjk,1,1.0
osmo1849aeae0zp80s9e27cvpanxvqhj9j5tcsnrlcr,2,2.061431
osmo1849m9wncrqp6v4tkss6a3j8uzvuv0cp7xrmuk0,6,6.081095
osmo184k7vd2w752y95xgdf3h9adcfr3np7939ezj5t,1,1.0
osmo184qfy5vu3g5kppmv60ldgs9k2mvvjuptpvxllj,2,0.308026
osmo18560g8glq3j5fpe4x9plk4e05qv39tvtxggy85,1,1.0
osmo186sj2kq43zzeyn85pngf8rqdjqt647yghpcx7w,2,0.733156
osmo1882k0v9pqcalxhq66e2pdct9kqkd42fhuq4cy2,1,1.0
osmo189n8jcs42t56rzs7cur9wtz9pfz3sxacc06gkh,3,3.0
osmo189psxs56n9xjlxrfn2cjv70dx0x64rgv9t44qm,1,0.0175
osmo18c8m3854ehsjht9qnx295fh9y4fszpex435sje,1,14.1532
osmo18cyhgfl2tm59l33vh6hmrjet0jqte3ltz2umwu,1,0.919096
osmo18etwx78wywl6k8e8z76de5sn50nzhuq8xudwv4,1,1.0
osmo18fg6lnzr2pa8fdgx59we6mjx8j9xazammvw8d3,1,0.97198
osmo18gaw003c9hx49sdtxavxqmmmmzefhml8dayysx,1,1.018167
osmo18ghjkwygsvjcsh20tc5zzhfttxxuex7awh8yf9,2,1.002399
osmo18h4kx4935mae7hk3a677e6pssz36aksx97wna3,2,1.0
osmo18jj8eq7xpyqdv9cdxpyxn0ulspmhx424tt60va,5,4.058416
osmo18jmylp5ddfhv4gzzm0lrvk92xy9aa6x59s94zr,1,1.015477
osmo18jtj2tpzcd6vd0kkdcfdsymgzlmclw9ef8w4s2,1,0.014574
osmo18lnd2qfx3recvrmk865twk32jnllgacrsf0eu5,3,2.659111
osmo18lz45r3jznse0rxrfn79mxeepwt8kt0y6r7t4u,1,0.5
osmo18muyl5yh9mr6ma3jkmn84kyy7jaxgrqdxhwqgu,1,0.915392
osmo18n3vlcthxv5s2s4zgjdrjr5a6lw9e7tm09jk8t,1,1.0
osmo18nayqvxemsp4atf77lhpd8ytcc5w0ut7tl2huz,1,1.0
osmo18npp0s2tffdx29qc0wrw8d48xrgcx2apxp7t68,1,1.0
osmo18q8j2fddv6k33rzvuvwdjenapkmn53atdzxlcl,1,0.385436
osmo18r44epe6ju5pa5vd4rdf8yssqtrpjhzd7t6tt8,1,0.010767
osmo18r72flynzn768us36dygfn6c6dn7gtmfdx30tc,2,0.547382
osmo18u9qxcff3sylzfpeqwe9p5zxcu8wffsz663zz8,1,0.034266
osmo18uekcazhharfnl27e67jw82xzt0thqm02vfxch,1,2.75439
osmo18umk4jenevvqvwcsrxmev65x5n76ml47aem3j5,3,3.0
osmo18v9z53lxlwzc2mq0e4h45cmr64gu2g6wjl79l5,2,2.0
osmo18wkxg7yzpa8dctcdm8p2cgtux5v8293ka6pcgu,1,1.0
osmo18xhs7tmx833m36y7gvq9y4pqtymuu9xaqj4e88,1,0.805551
osmo18yn2hrfh50rsarrcg4czgtq7h7mynl2u8379qz,1,0.994163
osmo190vuy48awvz70uydlujg745g3nl67r436a2h9c,2,2.0
osmo190wd7qz430c9u0jq7ngcwv5r6h7l3yps6nn3kj,1,0.991026
osmo1968mh9rmp0p29k6yzqxn6se4fca23882w0vlf5,1,0.931068
osmo196ax4vc0lwpxndu9dyhvca7jhxp70rmcpv4q4e,8,4.000011
osmo197dq6ehzafs7vqwa73yhewyktg3xt4uca9yt3c,1,0.302301
osmo199jn84a8c6hauhdx70vrzpagn8fwfr78utesr5,1,1.0
osmo19atggawer8mzqm282dgjat052j7nq76rk5dsks,1,0.413953
osmo19dde6w7akqt3uwluh2ypvyezztd9w2pusanccl,1,0.979169
osmo19g2rynuj6u5a4a9m5e9g3hv2m7rdwln2trvrw5,1,1.0
osmo19gcmdjeyhh54v5j4xgsh0rv342jkqhzkfj6tsx,1,0.260578
osmo19jacek34hcexu8nfm5nwv4xac6m27rvlrj27yx,1,1e-06
osmo19kcazvgqzt6u9qh9fq7j6u2nym8ymcjwpf64xu,1,0.48931
osmo19lcm9zhkv5qq6whp2mx47qzg0fm8ka8w0rsz05,1,1.34304
osmo19ltz27ewvd0g6gk66psfhe7af3g2kl6tdd2x28,1,0.721904
osmo19m0fd872k3clqldudx6lrvpll50q5l3gsc4duf,1,0.051849
osmo19nvkp97wnmtphc9jcfdqw8plfdh4ktxr8k07qk,2,2.0
osmo19p3uzdflshsag86g3z7fqamm5e4hz67z0ges6v,1,1.0
osmo19pmfjylerdheawryjsmryw96stxvjctm4n68x8,1,0.979129
osmo19qc25l2nwztml9nvhqpg7y55420uvg59v8s9u7,2,9.163605
osmo19qm0jvvdm8jc7pcaa0h2tduvr8fzyvs9kqtuep,1,1.0
osmo19s7nrzxwlwwt4pdk4dnk9wltnr67w6sd34w5ag,1,0.722055
osmo19u5qeedzl76jp0dv5lhyccc2dht55e2wgqgtzj,1,1.004265
osmo19vs5dntymm6a4xqf5r0gl07hfhastfvv8w0jzh,1,1.0
osmo19wnt5h3ae6953k2xlayxdwytaddt0fssd7lqpz,2,2.0
osmo19wwykpyqvxpedxmdl3es5h4knpw66fkw9y88cs,1,1.0
osmo19y46szjrlerd2ccsqzz6jc795qs4m3u4wztf5y,1,0.430032
osmo19ydf76km0un6qjlp3820c3sz8dyq0fpr0fjhn7,1,1.0
osmo19zt3lept54w38pr9qxq6j6fhy5rcew60puuhyw,2,1.2946
osmo1a04crkdu2kg7en65tj0gqkgr4zsls707rrk72v,1,0.847584
osmo1a0g5zqqsthxstdcfk36a8vp0xy5h8v4dugzsdu,1,1.0
osmo1a0wawdhpl8zf4cwslmn47xhrtwp2hx9tkr2ghg,1,1.0
osmo1a4elz2zltdxjjlps5zxqqw5hxvv6fg3khjl2qp,1,2.509713
osmo1a5emrxw9jnx5cj4fxqpmwdjs95rhrwtnk768ag,2,0.052948
osmo1a6crnqee8mj0uresu2anl5aja4p4nzz29j62rz,1,1.0
osmo1a70vsnz4ps02t2l4m08ufa353cx5ywd2ep8eyx,2,1.987662
osmo1a8lts3uuvw2a6q9yucvuhlmp4lx3c2w3qj5g57,1,0.052953
osmo1a9kpek6dl4cnc68tvud5sv9hczkm3509m60m8r,1,0.001277
osmo1a9l4dq6s44k7dk4lx0us6g7xsunartz8tttrsr,1,1.394192
osmo1acegf3dy7d8g74v3lryamv6jgqlsfy98u3spch,1,1.359737
osmo1ack7w9dy87e3zw562nc9dz364r6gvamxm7rurw,5,1.086096
osmo1acm7jn8gp6xrqxjxpmas7etxcy7xepswwv4jz0,1,1.001181
osmo1ae9rkls2x3wx9rrl8qt2dk9hk7yw2wgue762jc,2,1.629834
osmo1ajhkz8038d0z3hspgmxad2tsezkchmzt6zua4g,1,1.0
osmo1ak3s9g052z5fnvh3a9vq6gdcfz6rctsqndhva9,1,0.5
osmo1akgcf4fe00j809w9t7cnnet0elsjjq46ezx6ma,2,0.063511
osmo1akhswynqs07zj5p2k25r6s4ur45qyjnre5amzh,3,3.092914
osmo1an76zp7gck8xuwtvmcnwe9ct5eg52wvsfxs9cz,2,0.460964
osmo1ap5m3nw7rd3f5pfc38cg3vwau5wz98adghs4zg,2,1e-06
osmo1ap7lezdszamz33jvlc2jdnfalllukrx9rjjz94,1,1.0
osmo1aq7dp5wqula6yqgmp09uvgdgwlqjssj466wc7z,1,1.0
osmo1atx5dh7c85j4ldj3c49lxa8ne06lqepzmgl5g0,1,0.05276
osmo1auzax69g433hztcf629karpl230c8ud2jymwz5,2,9.558286
osmo1avem2t48hzkzg3w2x0c04s08jpr3d2mlaat4rd,1,1.0
osmo1awpflkaj937pkn6ws5f048hhf7jwjg8fye5455,2,1.647137
osmo1ay75clhj28z6yws9fjk05slkmmzvrrs7yhlydl,1,0.921301
osmo1azl8d4w3vmxe4pv80xw2fwyphzr23kqzp2k796,2,0.2
osmo1c0829zzzlm7lujdf8nn3mrhmg9zjugqntccjm6,5,5.0
osmo1c0rg3ljpxvf5gme9m6jl2h92dn4yru37kpk8uj,1,1.0
osmo1c0rgmnxkz4k4uvgwge8j3v8yqu8pvrn07pxx6h,1,1.0
osmo1c26gl7czsj5jerqc52438sqgeledr4lrqk4595,1,0.776682
osmo1c2ukpte5u58n8m7nvqq9hqxl2fdn6mkx8dgkuz,2,1.682981
osmo1c2xzt6c52zuzecvj55t5wh4j8wekahqp85fteh,1,0.483819
osmo1c3cen2nhsyh7u9p75hptkac6rnvjuxcf8500l7,1,0.647658
osmo1c3npvcxetn6ldmnfd852dz07kkjntdxfr7wesh,1,1.0
osmo1c3ynnn0ra95ehaakss2ultxf7tsw79j9vv5f8l,5,4.218873
osmo1c428gtsn5lcs80pp04elz3x9n84mf53s45py0h,1,1.088442
osmo1c54amkr76yhy6v9s06vt2agvrhfyrr2p7m2vq4,2,1.70198
osmo1c8ypchv4dzlz090qh5h8jkmt6fmu4km85m9adt,1,0.971356
osmo1c9ye54e3pzwm3e0zpdlel6pnavrj9qqvwhqw4z,1,1.000001
osmo1cd4e74wx9tufvj7r2ruusj4hc5jgw46fctukyl,1,1.0
osmo1ceeqym2q878ek9337a5m7dp724cap00nhekvx0,1,0.403882
osmo1cffrhp203p8k6za80hgssxagp0dsugf487hcdr,1,1.015775
osmo1chnx29m596hpmy6yeuuxyg4qp3hw0h2wqn5vg8,1,1.0
osmo1cj7u0wpe45j0udnsy306sna7peah054ufacx5y,10,10.0
osmo1cjxnaf6d3gkpmqdu7kmtuxwgncqy3225v50xlq,1,0.981128
osmo1ck7h62s26z4xtuqgtdxesw5axjjcmaw2q5tlpe,2,0.044426
osmo1ckc4z334rfpdcqdz5a85mdtaktt2dtkm38qs7s,1,1.0
osmo1clf5zxzks4zgq9ahvyulmurc3cvxl580jvds5k,1,0.953142
osmo1clpqr4nrk4khgkxj78fcwwh6dl3uw4epasmvnj,16,16.00002
osmo1cn379vkcu6pu5ypuveuyqa7jyyk9ccj56zjwfw,1,0.027936
osmo1cnch842gndmzw25yduvxjk540mnfrask9ar707,1,1.0
osmo1cpxkjnq58l28sy4sukxnl22k8c7c4fa204z4xq,1,1.0
osmo1cql9ska0xl2rkg6gcv0np4333gn6fygsem64e3,3,3.000001
osmo1cr2m7cyeewszeu0mjgtsek0hpd04gzkx82qkgl,2,1.398458
osmo1cr5p4l7hj92swnceknxjpuwx2pjwtud4fhzqlt,1,1.0
osmo1craaul8czwtwndm76fdfxh7ulja2u4nrj8hmj8,1,0.881443
osmo1crckdhfjpq4rn2prnf484fk7n239qtnm4m664y,1,2.883687
osmo1crqm3598z6qmyn2kkcl9dz7uqs4qdqnrhlqhhj,2,2.0
osmo1csl24xa338980yckumj6k9kejyttshaaktn9tv,2,0.022835
osmo1ct6mk7n56hrsmqp6tw6yqlc0748ml6clxzm34m,1,1.0
osmo1ctahqwn4et5yc6kawcv40f8dfr9ly202w9rv6z,2,0.0001
osmo1ctr7hk5l2gkh7wh5dyukal3vyh35ryh65g504r,1,0.63842
osmo1ctrntzv6gkeegm36xeyu3l4lf6hudx5alr506j,2,1.920189
osmo1cvpp3z3ql6mhh2kt0am2den76cl36m9ryc7y4m,1,0.003694
osmo1cy7jye9jkg6k4h9wcurdcx7q4ld03m48u2g58w,3,3.0
osmo1cz35xmc0yf750k84tvtdp2fyddte47tsrr68qv,2,2.591727
osmo1czhkuyvffhy5ff2ltc6cpg3vna2r69gqteacr8,2,2.0
osmo1czz8d9gj8luptru9u97srdju6c4pjf59lt8jrj,9,8.716361
osmo1d03ppywn369qzajeuqs0dge29rchxteawzer2x,2,2.0
osmo1d0aup392g3enru7eash83sedqclaxvp7ydsljh,5,4.843498
osmo1d24ddxn9lqxvhk04xjlufa8hnzcmk6n875a63k,1,1.0
osmo1d25uxlhdynu6hdkl4xelwxn7jz08u5fauvvf2e,3,3.968724
osmo1d2kf3aszkwfa4hyemzr83sguaxl7unxjlqrp8j,1,0.280303
osmo1d2w3anq70as5telu94vt4klesutq9svhlgpd7a,4,1.0
osmo1d5ukx4wgp25p8rvfkceuf4dv03r2nnl8gqyhz5,1,0.660674
osmo1d5znu39h3lxp2rlw9nxyr5uep97625nns2qwzh,2,2.0
osmo1d64zymxtkmz2sy333p5cammj3zz3pjq5zg7hyq,1,0.00207
osmo1d6l6nr8kxvz505cwycggu4kn0g9mqx6dcglr7z,1,1.0
osmo1d6rzj99y3zmkrcrvxnrhh6glu64ymjl8vwdpld,1,0.35
osmo1d7a6tw4myh4dkxvdlwj3c82qa8a5xgshhxc98h,1,0.0001
osmo1d7gp948369ha3as46uwkslhhrq9sg59le0e8zy,1,0.035763
osmo1d8mq46wt2yxsgwrmh6hhfgycl0537w8grq5kku,5,3.742972
osmo1d8pwj29kze0m35grea4z9qkdgl9e54entdkqcw,2,2.821234
osmo1d9j83ll3e0jh5w8kycjcmzcm2wdy0mr3ql0sgd,2,0.413514
osmo1d9j8deg64shu07qfe8f76vepsmmafjxnlws039,3,5.0
osmo1dcr2sh4vtnzrqef2t6x39yu3u0uwxj9zqc7ru5,1,0.232662
osmo1ddy50f6e7uthkf3lkaczcwehxaxprkaquqqt3m,1,0.924965
osmo1de7qx00pz2j6gn9k88ntxxylelkazfk39gwddy,9,9.0
osmo1dfv2zly2cc2eg95uddtullyfaxdrtl36xzus2z,2,1.0
osmo1dg627ryepgx6u0gsratphe06gm7kwe059qnpw9,1,0.019992
osmo1dhkmvjqj7qjx2w4fxn92r8jzaj9vkdan40p8za,5,1.755424
osmo1dj3j99rljeyxk0xq4qce2fj6ex53lwst9szws5,1,0.936463
osmo1djjujxyzthdhqwcankfdh8yt7gq8rumdjghfc6,1,1.0
osmo1dlr8dd7mwnee6jdv6eky0dypar5tu437l7c9gv,1,1.000001
osmo1dlxpesm60tqwl26hqn30q96ash9tfyhh7dvf9z,5,2.155109
osmo1dlyccvmvcewd2mahhs5n69n3ves4ldtlym4l90,1,1.975417
osmo1dnct7j8gg0kq8rz2k35t4zewguclnxgvu2sktp,1,1.0
osmo1dngf00tq65wlwszs6yg8mf7mh97n9ph5vhwjzj,1,1.0
osmo1dp5evmfuf4fwx295w049s99nyfz29fvtuthzc8,3,1.0
osmo1dr4um0jmyhjtjc0r2p03cfxw0kfssucgpec3q9,1,2.947197
osmo1drgasugz4hd6c2snxqdmz7c69gx2e5svxhts8s,2,0.993294
osmo1dtq0y9reqst7d99fd3c7x6dflh4eazm4lx5sk9,9,8.139872
osmo1dv0rc8f4as0vk8jvtkxfur2cwj7h7wzs5aa8yy,1,1.0
osmo1dvqt0lkxfxcuzwg7n28wle86jfkevgpqg673vw,2,2.0
osmo1dwh6mrvyw0th2lknnjy88zc0mwynj7yfx2y70n,2,2.031884
osmo1dwzxaessw2fpvfzyh4wp7kgmgcfgeqth6xjtxh,2,14.000005
osmo1dxfr4zrgk90tkpshsfrkygsm7gy6w3r9puzn3s,4,1.365493
osmo1dz4rqn9py924dstyfy6q7uhy2unzsz60wrk96l,1,1.0
osmo1dzhn7f9tw79fr208ttrkunufd6psns0ha0ae0f,2,0.052826
osmo1e06qhal5ay3z77rkvlk8l0amtzdxpyl8j9s3xm,1,0.983092
osmo1e09wgvj4lypvyg4qz5utdrdtff0zasqk9qv7tc,1,0.011424
osmo1e0c47u0ehmgutyyz9dllzdkvfedf2apvvntczy,2,1.734816
osmo1e0d0daqr34t7kgdumgrlrwf7xye9alqf63qqk4,1,1.0
osmo1e0plfg475phrsvrlzw8gwppeva0zk5yggx0dae,10,10.0
osmo1e27hlhks75y6kasnjhq95lvfe2z9qck3cm96sh,4,4.0
osmo1e2jwzpp4xxs6z7p4g9hnx0f6h6e5c863z9ulgj,1,1.0
osmo1e324y6rsvfevqfdv2aa2vtwyhs8detfdpjjtx4,1,0.778346
osmo1e3n6qz9nngpz6tch88dh3ppnt84an9scpz8y04,1,0.0001
osmo1e5mnjg4d6qprkash7vuseahgk2grrj43md82xq,3,1.3
osmo1e5xjuldvxht6yrl90k6xfkvmhakdlx2ldvpx5l,1,1.0
osmo1e6zdjcj3wry34hns4pw9hvse7xcv9mmtwmp0e8,1,0.689488
osmo1e766kqkx9slxgg3xqrp8ux5r8kg6h9wkr4pdus,1,8e-06
osmo1e8238v24qccht9mqc2w0r4luq462yxttnk462u,11,9.8e-05
osmo1e86u57464w3mxedrzm3chatvcd2z89axuvrlhs,2,0.950296
osmo1e9jlmhjnhv0z5wj64gz0dwn6q523xyxewg24mj,10,7.419282
osmo1eclz9drv5lkyfmnjszqjyvm83jff27yk4js2vl,2,0.471563
osmo1ed32ulmk32n079m9hx7sankadlf7wrdgu4n0vx,4,2.058136
osmo1eduu6rk03m7tqthj4weuvwqmwjxmh52wv5qk7r,1,1.002418
osmo1eff0rr0ptx4hvc3cnwvm5wween82pe4hcwurkt,2,2.0
osmo1eh4w2glqma54kfz29wva79l6lh6knts7wepr6q,1,0.925121
osmo1eh5mwu044gd5ntkkc2xgfg8247mgc56f06hgjs,1,1.000004
osmo1ehkfl7palwrh6w2hhr2yfrgrq8jetguc3z9wnc,18,1e-06
osmo1ehv875h08qvm7s4duy7qhr7wjuqwepkmjr8pqg,1,0.637238
osmo1ej4hw9zvn8wz559xkrdcerjcauagr3xszskduy,3,1.4e-05
osmo1ejdqf2k62sf3ssjrys2r79pmdt6kpt5rcmkdwj,1,0.0101
osmo1elc2atveeh002n36fsxq2a7nayeg36qw7k4cea,1,0.972064
osmo1elcpqhr4t53fkg4ae6r7g8c84f54rgd5tzjxj9,1,3.019834
osmo1en468mjmz0zaexnq2shccatdg4kwwjfl5zsjdu,1,0.918685
osmo1enz0knm7yl8932946n26pvnenxcr9w3uv9nc88,2,0.024415
osmo1epmlgyve8nu6ag4xldnegj3gaqpa6tw7d6w572,1,0.763841
osmo1et77usu8q2hargvyusl4qzryev8x8t9wr03rn3,1,0.998024
osmo1et93zj3z539acj3vzrfaysh9qs6lx883s4akam,2,2.0
osmo1etc28xm9amxw64zulzau8dn7raes0w62kyhwhe,1,0.844593
osmo1ett5xax0tv5mw9nhrr9akkrypeqnvd32rram3y,1,0.0001
osmo1eup5t8pp8jq354heck53qtama7vss9l3e63jqz,5,5.0
osmo1ev9q2wmk8prqykjgsrncl52nxwyq0ku67wj667,1,1.0
osmo1evervak5gpt9w7uy3zk57en4uj90srp7y35c6g,1,0.844695
osmo1ewrlwrchdhp05x98v7q8x2k83huuvgg847q6nn,1,0.250942
osmo1excz9t598xyh57a5xlc2rh5apjfspwcvxffxg4,1,1.0
osmo1ey69r37gfxvxg62sh4r0ktpuc46pzjrm23kcrx,21,21.0
osmo1ez0jlywwr8ysfmkp9tmse4q4v32w3m3awq7xc5,1,2.861881
osmo1f2mva4ag8meya6fvpwz7md6f97zd5nll5mxyum,5,1.354629
osmo1f39kupkply5retv5t3ax9656uj92qh4sn0yrqr,1,0.999987
osmo1f5nql5jf3hw7fplyefxr6x5hr9v3cdue779ud5,1,1.0
osmo1f5p2gdllqc9auv7l5l44rumj7xesdtz2akptju,1,1.0
osmo1f7sa4nr5nhlt57vy5553tqzs5dlz7x6jwp0kcx,2,1.359345
osmo1f9z23sv7l42uequk4p03egyftl59f2vuvev5rs,1,0.791882
osmo1fakuy9dm78lquld6ppheqpnqcyyf3n5ajqy2jl,2,2.498695
osmo1fapqgamx3c8za8d3z56sydjtjygyu0ly4ud30a,1,1.294492
osmo1fcj7ww85n35tgdamasfye6w6xw2f0zldsmmvce,1,0.516428
osmo1fcx6hj3vslw7p0yf9mhn7nkwl5fs6t2cgws5tq,1,1.0
osmo1fd2ayfu6kmt66jwr62eazet5y5hp8e3ayfcxah,1,1.0
osmo1ffve0zx389ffl80ae9t8jmghcjuzdlqrl368pc,1,0.843567
osmo1fghgwhgtxtcshj4a9alp7u2qv6n2wffq6wpafh,2,1.255911
osmo1fhr7e04ct0zslmkzqt9smakg3sxrdve63sl6gt,15,1.0
osmo1fjhtga2hg3tke378fn772r8zyt08wvsjd0fyul,1,0.295679
osmo1fknhdqr0q6h98nn28gymamdz04ehks3vq8d0x3,1,0.002182
osmo1flxggjsjvfc8ulsw43zpvan7202hfh44ra50s8,1,1.0
osmo1fm2h9mp4xrrumdrjk2w97hltnrt2u2tw03jpv8,3,10.337085
osmo1fmahc5r3fk2fxne6q5z8rhdmfhsecar86yyh8h,8,0.757316
osmo1fnf8fvnyuw20jse47a53ue59pdzp8q254qfrdp,2,2.0
osmo1fnp7at454wrjxu57pr0tc239tyjsngpqkdeve3,1,0.0001
osmo1fqzqejwkk898fcslw4z4eeqjzesynvrdyvnj3c,5,4.807961
osmo1fs7mmwqzks8n7msheu5d6jdxqyfj06p7lz6tc2,1,1.0
osmo1fs8er0greualh3juwem3nfn4fzcru94hkr72ex,5,1.487625
osmo1ftwv988xjrca6c80newruq2y306fd2wy324u6r,2,0.026123
osmo1fu20t5zxc64z2vux4nqmf6csnapzlrmjaqpc67,1,1.0
osmo1fu9kr29n7d0k59dtezkl09pz8rwazykfs6lj2p,1,1.0
osmo1fulfmrkys0rj5vgfjghaf8pjaa3w4794x7hsdg,1,1.0
osmo1fuspwqu46zetamjl4qehzp63l70jqam33u09wc,2,2.0
osmo1fuxqh43my9zy7v0h03ckk23n48rflmh0jccyk4,1,0.759845
osmo1fvd5ch4qwkawkeeury4eh857djrmx30ng9l4m2,2,2.0
osmo1fvupuuh7aclf7ylary369rngt47lpw86kcc2fg,1,1.1
osmo1fyv9h5l4zpjpjke2vppqr6l950lpcz4cz7t6mf,1,1.926057
osmo1fzgqt9v9cppyqkrslywkcf4yqcuagzytzdtxfl,1,1.0
osmo1fzspdmt6m2el8vvpg5r338uqk4k0swxmgrypdw,4,1.284477
osmo1g0hpuuquyk3t2hgtm74336jvpy6ssue78xv28s,1,0.000382
osmo1g28t39fndhmm7n3ckhnlp2sxkz68wy557rh7pu,1,1.005693
osmo1g53mgtymzz8d3naw0rwl0zrp3g7teyp483k020,1,0.835624
osmo1g5435cjhlm4s2nlmwln6ess9x4lc4qgdpzj6fg,4,4.0
osmo1g72q9dl7yqcl3lv3jqkrrrw8zayaan6hp20fct,1,0.011307
osmo1g7agaljnm34dpf8p9hcr43mg5nslkdhu45eq80,1,1.0
osmo1g8yq39gcysxam0hzw5qqwj67p8fce0866s43k7,5,1.359873
osmo1ga6hy630ejh2s8p2kvql4jxjt6fcnj0nh0lzkw,1,2.925033
osmo1gaezvwet9894n4cc9xssfulyyft3mykdpqa949,1,1.0
osmo1gddxedv475k4gqn7e6x36wmcfcw7vpaatswt28,1,1.0
osmo1gdurpulxwxc4ev077dtkvjlvvzq787ac397s2s,1,0.92358
osmo1gdv7kzg2lvx6k5w6nxq84q8r9z2ujpve8ds8qf,11,10.264639
osmo1gf5lfrstxcv8764x35360tmf62d0gewzc8xj47,2,0.840204
osmo1gg3en6rgce4rqv7gz3vg6944y6mack68y8x3wf,1,0.812834
osmo1ggrxma8play4qnc60q7qzsc45a5lt2gtw0cqjg,1,1.0
osmo1gh0jvp5y50xcugxp5jk46md5acvm7whwesphfh,1,1.0
osmo1ghfrewdxkwek5h8jz4y3f0202n89xcfn6ddf3g,1,1.0
osmo1gj89dacx9xlmwar7rvycln99e6fesyqsf3lsy4,2,0.921496
osmo1gjkf7tlgzrwgvlpcyvrsdv503p49tx8fhradn5,1,0.898996
osmo1gk6py8fukt8dnaad00atemjqjlhjlwv9tna2ks,2,2.0
osmo1gk737smj58de7pqhw8f5ud4kknjup2fvgcm94d,2,0.000145
osmo1gl7px2yvradxdcvjez32w6k85f26uds2eky0ln,1,1.0
osmo1glkr4l48kq7zvu30jskqn24p77aj3ky6pnp2cq,1,2.97547
osmo1glkwwjmd75j9a8rg5m6xxk7lzzzdakf0dj93ud,1,0.514207
osmo1gmvdcu4fga4kvqdm822pfux7fqdcagxx0kwd6y,2,5.75754
osmo1gq6pd9q8px97720arytdngc7zhyrxp4xacmre8,1,1.001157
osmo1gq8uv8s94gls578x5hgzq4gq4gwhe6tdl7a35z,2,0.692023
osmo1gqy76rg2lu3aw0xjcf2cqmk3unn6k0mty05p4f,2,0.052815
osmo1grgelyng2v6v3t8z87wu3sxgt9m5s03xytvfcl,12,12.0
osmo1gtdxj6hay8xdjvvyh8cpk2jaw2eazpz3pmsukv,1,3.935115
osmo1gtx9c6fj992za8rdf58m46kmyzjxngn04wcwcn,1,0.081584
osmo1gu5r9eh6j96xn30hx37z2r5mnf0tj6ad6xvl3z,1,0.000843
osmo1guxp99wf5q7dnh7jc6s7wx4zwqm8z7chxsrp9y,3,3.0
osmo1gv23034suxwklhr4q7fsw9dygph55ykm8aj4ne,3,2.0
osmo1gv4fgn9gqq6lyrc6s8xve69q7naqll7rpe8q4m,1,0.479357
osmo1gw6yu9jetj2vrht8qrf9wmpjdq4weuee3hqxtg,1,0.881601
osmo1gwmw0w4gul7885f9ce84ersp5thdnqcer8tvrd,1,9.2e-05
osmo1gwnfjj65zhxmtnpxzy625cpx692lfjuws5g6gy,1,0.000963
osmo1gxe38pdkz5g2h3g07pwa96zunsyugkgx49t5d4,1,1.0
osmo1gynvqvqar52pulhwzked56567vfu72dkyu0z40,1,1.0
osmo1gzk54axu4y3l2vy9434z2grfn86qsd35amuu9u,10,0.408717
osmo1gzr8qv7dp3dzx0a6mya78z5jr3qfeyt9dayjdc,1,0.692462
osmo1h2kjnnnryh9ezgzj6yrax4snzfner9qaflf8st,2,0.929747
osmo1h2n5m5yzfd33yz7eypjjkadskhv58d4u5rzfee,2,1.513573
osmo1h4ks99ft8jvnzjr4egumgkeqc8czsj52cxc733,1,1.0
osmo1h4t209tuy4remh6f234uyd4syvpqykahtzjglq,2,2.0
osmo1h52jazlpme2d5l2mj5lyaryafckldj203yrxsd,2,2.027311
osmo1h5mxewh23mq70m7s3rymhynwkcd69apghkrj9z,1,0.052945
osmo1h8fl8r6v8u96hxsnk4l0sysx6sp2syktag8chm,1,0.163939
osmo1h9p9c57mn7qw98lpmdk0xu7waywafyhqjwzlmt,2,1.111916
osmo1h9v9er46xw46r3mmptywt2r46snz403pnx7ruw,1,0.710982
osmo1had6ftl4w4klp3ly32y6kpyk7tylc5tv9vejtd,1,0.921069
osmo1hcp6xace2hpryyef9a0sxdpv2l7sqgt9kxkh39,1,0.816916
osmo1hdehvekr272dgs33u7sz5vxwc205p7f94cqssk,1,0.235107
osmo1hdh5xna5h5sp7djfxr4vu4qkf7w6psww05vs4q,1,0.722127
osmo1hftvuutyr2m4k2mhw9cfvvf9a3plk66k6yr63h,2,2.0
osmo1hjct6q7npsspsg3dgvzk3sdf89spmlpfqua7lv,16,14.213017
osmo1hkq74hwe34ltcdmnvxft4xfp55zhumvvtswwks,2,2.0
osmo1hl7jwcgpgpcfu02gsfy7kmaw88en3dx96xtea9,1,1.0
osmo1hmukhvj55cdd5gzqqxcw9mwlrtcq539hxp9rlt,1,0.880658
osmo1hnkcuzu0xruv46mcvsgs5fn386c8apg6ge65q3,1,1.0
osmo1hns3f3l86nlcyqxwz598ymmpp5d4ztcg4tvdmt,1,0.5
osmo1hpfuzjthjjsp26ut6qlmc82ctzj52k4s3q9rrr,1,1.0
osmo1hpuq3zmayzpyhew2vxmpnz8fp7m5te9tysfnew,4,0.755917
osmo1hqhjjqum6c5yjj2c88qq8qw0j9vktzrugwm59e,2,0.255835
osmo1hsl70gvlljx63rezwl5ya43lh4hm4dgtuuaw9s,1,1.0
osmo1hsm22ruu6kk0f7xzjrhtq4605lrrpdfw3lfzw5,1,0.740296
osmo1hunjk62y8m72538zd6qx9fzv92cekyd54n0998,1,1e-06
osmo1hvme7g73agncdn6jgxl2dftw9m6aqeatzxnt74,2,0.15
osmo1hx5eeyjep4dwgckys9xx34akvtpy4ga3sjz2lk,1,1e-06
osmo1hxn6wg8r2mhjht82vm3qpa46mz2plld7d9gzhg,1,0.0001
osmo1hxnuxckagux4200mvfs3yd5xhqgutercapauk4,3,3.0
osmo1hzntl3c7dw046v6hujzhsllju40m7xm6xcq0xg,2,0.0001
osmo1j0vaeh27t4rll7zhmarwcuq8xtrmvqhuqv0av9,11,11.0
osmo1j54er2utjnzj97hzrw7al7w77z7m4g5w4xafzk,1,0.953916
osmo1j5q6rdmze8udndh90868der4q6e79srj6eatxf,2,1.955613
osmo1j6xd6zs2j2uw9whyg8a54fg4leelatrh8pjxqg,1,0.394211
osmo1j7gme9jqtlczwlr3725xwc09s63ksnqlre85r2,2,1.955711
osmo1j7k4qr4kxt37e05ylyzngj4a7y5sc4shhxjtrc,1,0.017545
osmo1j9v6msces5xsgskjunkec0qld2l7rpjdl2dukn,1,0.5
osmo1jddz0jf2lz7mxkc0desr6qm4qtz2jjylf9t2wf,1,1.0
osmo1jdy70t7uq4ga67u7v7jsl97v3ksym33rk3h25v,2,0.052757
osmo1jem0magh7h7h8lh2pvng74pe7l344z5nuph8yf,1,0.0001
osmo1jg2m83nqx6m5c7zfffkj0kzv9dnhxm7rwzy22z,1,1.0
osmo1jgn4t7hzaqdl63d82j6jvre9jllgc4z9u7l0wj,1,0.191279
osmo1jgq3fqah7yl8wjwtpu8sr5cx74cqm3cls8tt7l,1,1.0
osmo1jh0urskmdrrhfgm53d0ddnd506stu63w95d3l6,2,2.0
osmo1jkpsqlxguk535kp9g2p0kfdus63cql2ph4cf72,1,1.0
osmo1jkt8qd22fjwefvgte5xuxsmr8xyw2w405mf5sq,1,1.0
osmo1jlansk5dzdps0yzm75vry070ugfarkqdhgyjgr,1,0.61
osmo1jll0mmlutjmn6fh6trln4avm0p239nf86hfvgv,1,0.080243
osmo1jmm87mv4lra8dwuemw5x7vdsc08muj95vy30e3,1,1.0
osmo1jmnh7zffx2tulcx4ac40g8ghxtk0tqrzc5x49f,1,0.944759
osmo1jnxwata6tsfjwrzfdrfjncm0gk8qyszl9mqgyv,2,1.000076
osmo1jp0xnftxy5tsc2ddgrvtf3t328kjkrmxlvyva4,3,1.645562
osmo1jp2c9j2ap28cd7ftzlw2ngf3tfyktzlyxjulyn,2,2.0
osmo1jqtr862lw29kvptkrkc6vx2uea4ytf58y6ghfp,2,2.0
osmo1jrfj0vy4t6dfwervf298ph7c4q2rek284tdtxl,1,1.018345
osmo1jrun9td4ay99zl3umrpgytxrwxxl4ehmlvrsq8,1,1.726667
osmo1jsyzm7jfycehejr0kn0g03rq35ngjnqj9ykhmc,2,2.0
osmo1judj83pu32eufkav82xuwhu04kkcqggnmmhq2p,2,1.0
osmo1jvh4twzc0d2svn0u5xw26xsu8qmequ4vphnf23,4,1.0
osmo1jvykup7tdqs73qpt68xwylunst873nux7d63yj,10,10.0
osmo1jwlgrthjv07aq4ngtqhs2ss8kq8fyvl26fhn8t,1,1.0
osmo1jwrz4c0n8scm2t5ww572p95ncgyzedv7quksnl,2,0.052818
osmo1jwwgxfy6vjaf59qujhx5ektjm48escp9j3kqhc,1,0.942748
osmo1jxpztalf3skjftyrlf3tpd3c94g2nqkanr7c3a,1,1.134252
osmo1jxv0u20scum4trha72c7ltfgfqef6nsc638lza,16,15.9968
osmo1jyyuyvu0evrj2ldthj2v4gs3tdws2p87c7nkdp,1,1.946012
osmo1jz6j3kvg2p7nvr3tm662tr3peaq27arl8a5pyh,2,2.0
osmo1jz8trhkgsp6k5529j6c9v9rn99yg8k4t452uy3,2,0.0001
osmo1jzv43gtcsatl95ztj6dn4edq6pd85tnaj6d7ea,1,1.0
osmo1k0jlnppgx6nmw6lmnp5cakmw22xhn58g5x2ljq,1,1.0
osmo1k20nxkezmx46hmxfzfl2plcrfas20hvws8n7dk,1,1.0
osmo1k2r8j6zyfqylnu096h2m7t5enxtq8xml6y9akw,1,1.0
osmo1k3jq3v4lrgxscpz5l7ntuwlfdud7hthfmm7fdk,1,1.0
osmo1k49luuv6a09542hxyz7e964zz46ka5jt0at8d2,1,0.261232
osmo1k4drxydzq8vz4x6wy5vk4je573tca0w9zj7v2h,2,2.0
osmo1k537t3t37rmmc43r3knn3xscqlqgwvkmntrmxy,3,2.0
osmo1k5ehhteq3wgpka630lt6qwp90nhrpfly3d9ry8,2,2.0
osmo1k6496vg8vd507aukcqrr55nhwxjqmpjsg0ft6l,6,1e-06
osmo1k65zve5ze0j9h24nhh2mmzagyck7c93y7ghtv0,1,1.0
osmo1k6q2f7kz38jl9rf0jfvschjl7uh40yaqs8w8vr,2,0.002034
osmo1k6r2njf3esrf4kpldj03hmtk8f3wfsutevlcda,1,1.0
osmo1k7cl9ya9qq30c7m4rvg3823hrc8k80eeqgt56j,3,1.0
osmo1k8j0q5lrpptneswrld5rltkfq7hgxr7jnpdks2,1,0.3
osmo1k9gyrhxztfhcd8lz6e4ed9erkt4dvlmrygkrk2,1,1.0
osmo1ka7qn8fwynsdfhj5kegrm8w6vlrtnm9qk56uce,3,2.563842
osmo1kdgha5mecuz8a6w7axk60crjup74fs8v9drtyt,1,0.236456
osmo1kdt3yjxqtnrzea50harm6rglw3rxzh6r4vwt7x,1,0.698935
osmo1kefp89k9s3v94u0p2dh3hjmw5495n5t8l0g4ec,1,1.0
osmo1kg99k8wd67r0ffxwavgnxup7yk46rvttthn5gl,3,1.04442
osmo1kgddca7qj96z0qcxr2c45z73cfl0c75pnxk4sc,17,1e-06
osmo1kj4efnuuse7mgqfunxs7lfu49uggvjn4vmruxr,1,1.0
osmo1kjjsfm3s002hdemynl9ypz2c5jc4vw4ecum8et,1,0.994003
osmo1kkcl2qxx04l0wqhtny46w7wygd4xcwzt780ua9,1,0.942185
osmo1kps8u2700he26xrh29nvnvhy9t5z5wam5dymn6,1,1.0
osmo1kq44na4fs6qfwj6auvz6k0cv2u834t05mc22ka,1,1.060253
osmo1kq4dulxus3kzuy0vfdv5gxcw5k0fd7605fhz4s,1,1.287769
osmo1kqlfg2l3k55phuky8hqdl85hqk7pg0h92xquqe,1,0.760979
osmo1ksw60fz7qq6nh0w424xseazlxt50qrfgehef5u,1,0.187004
osmo1ktfdwhqk7870fc20mnlsqd060phzha0hecunp5,2,2.0
osmo1ktvnuysk4lz0westx7wg9q6rggz8e59zpqhnr0,4,2.446261
osmo1ku3pt8dyz70a6yjm5mf008j2lqle86nen9e80n,2,0.05295
osmo1ku4e49vfa4wez78crges4cml6he23f9t54whj4,1,1.0
osmo1kucpygly3ynswdf77ersas9ejdlp5erus6s5dm,3,2.694799
osmo1kv29tka3j0n54x588tw3rmz45cfm52nwahwq3a,1,1.0
osmo1kvg8medh838ec94gxdkf6ckedx77l8ftsy45ff,1,1.0
osmo1kvh6nggq5uyz85qvf92hftstl96dxfmudyzlv9,2,1.714531
osmo1kwstysea0p8stxe349hru6hfxc78zsjn3d2ksp,2,1.982869
osmo1kxykphkk82x4pk5nzq2kq5f2r6n69k73jeezty,1,0.985633
osmo1ky3djfwesztjunxgxtyn44rnnqeee0n82llnuy,4,16.55904
osmo1ky7m39mszht0rveq9y0ramqnash6jp5kwgdd9p,1,1.077918
osmo1l22dc2vjgrgwl73ef6rl6zp3uwr007ft8c5vam,7,0.050869
osmo1l4nxqhr5w2erxp7e4uwung2psavpcmzvxd87zd,2,1.838327
osmo1l6uzkqeh5jmtx9j89l27ktspczc090h7uu7elu,1,0.895483
osmo1l72wxa5ejk2yxj8we7grl03sm2fex6ry32yf86,1,1.0
osmo1l7s5a7vp9j7welu48g8ply3eg8mce33ch5400n,4,7.5e-05
osmo1l86ym72qtwu4j8a3l8ahhpf6qnxdpjnt34ca8p,1,1.0
osmo1l8v5nzznewg9cnfn0peg22mpysdr3a8j0zdd86,2,0.036679
osmo1laqefwck8mkxt44jfn7fnpynfv9f2utyx08qpk,5,13.432904
osmo1lc2c9smppna75hrfvycxqa0aadgstrh5ypvjd8,1,1.0
osmo1lcwxu50rvvgf9v6jy6q5mrzyhlszwtjx6yhapq,4,4.000002
osmo1lg2gjke0u9uag4hqh27675ju2489f5ljnw8v49,2,22.22553
osmo1lg93m6d4j387890dns4yes5wu9z6sqykwwwv87,1,1.0
osmo1lge4x4gre6vmz7gamw7a8f6u7pmwlsulu9ahlr,2,0.624673
osmo1lgtew9spzxfg2qxu4cdkczkkxdnuudc64c5tzn,1,0.867456
osmo1lgu66ly24wz0x95hkhuzny754hfm9pkucqhxkc,1,1e-06
osmo1lh8lw6zp2hjcmx0s9pkl38j36mqk6tffh8hslf,1,0.118651
osmo1ljfjvdg0hps4ysqtckmx87w3hrwv54knd3adk3,2,1.608612
osmo1lkm0qyhnhf36wn7g8uavuzqyh3vm67qh5zdasx,1,1.0
osmo1lktjhnzkpkz3ehrg8psvmwhafg56kfssu0kwa6,6,0.12
osmo1lkznpljvglyfehzngujl93l0d3elfvuaud7ujh,3,1e-06
osmo1ll0ctpdxs9zzr4q0dep7uundwm9lzalchkpud9,1,0.009982
osmo1ll75m8x6eja5e9fz90sd8urw07fefcqr3m559f,1,0.099794
osmo1llu7ld0hslnewxrcw0r97rtjwpd35a6nfzrj4u,1,1.0
osmo1llv2agz3zctywrwx85wd3805rsjyxa2cp8rlxj,1,1.0
osmo1llxjmggmyqgqp47u3x9s24xlg5l7c65pz253u9,2,0.878919
osmo1lqf2twxyau8zl02jf7mh9ahkjg54snu4ufy4mx,1,1.0
osmo1lql8dml3wk8c6qznwethcj4z9w8858e5txjzx7,1,0.721108
osmo1lsz4rqucmgfuaqt5ea4h9ms9npmtpwejn0c5yn,1,0.003126
osmo1lt3zkefmj9y3w06ca30fpnnx94gxk4p3jhrh3m,7,3.22472
osmo1lt5xan6vz8axn2e5srg3uuanu87au9ld7t5yhr,1,0.005264
osmo1lt83tymrlkcg7jtfrzv5370z9uthttpvljxzmv,2,2.008254
osmo1lu2qtcqq4lva2ycqgumtjzxpk7gymj2e8wfsdw,2,2.0
osmo1lv9a794ezpqn23k0qjja6p9z5c7tjyd528s07g,1,1.033277
osmo1lvm6vhlekszf37cq9wagd4pvktject0xlzyzs2,1,1.0
osmo1lwretg4sypzpkdk7t07rkaz34y85szlsnhlwtm,1,1.0
osmo1lxj8d0qp8dc6vvg4p38sc0hchynldu0zxaetw0,2,2.0
osmo1lxnx2swatgml8vc3785g558luxscm8vkh8azvj,2,1.249785
osmo1lzef80fkrqlj02am55yhasas4np8cmtrr5p56x,4,39.842834
osmo1lzhlnpahvznwfv4jmay2tgaha5kmz5qx5v6xe7,9,9.000005
osmo1m0zndpgewmsyeht79kcnm7993aa020s7dluj67,4,0.838272
osmo1m2szjtra8qhpuasjaeqla9ruj66vy9lhfekgfg,1,1.0
osmo1m3rppnp8ycrcwsvex3stsh2mg72s9xk4zc8mtf,1,0.064904
osmo1m4cye324c5dsj6svv2zmrw9jz3t8gjuhtd09v6,1,0.01
osmo1m4tqkvw22zgl4w9nyzfeyccnk696r6w7re0a5v,1,0.013206
osmo1m9dwd037y7ma059xsnzwey92xk3v8jmy5hxrc6,2,1.919199
osmo1m9w7qxe0umhnm94q9pw3er0llgtqwdw8ervyvg,1,1.0
osmo1m9wceej5mcfv33uvczvjn07hay9za7qp5sqrvc,1,1.005427
osmo1ma02nlc7lchu7caufyrrqt4r6v2mpsj9ztztcv,1,1.000003
osmo1macs3rhspu9fearxtf9wgl9llnw9xrz5fqfar4,2,1.884984
osmo1maycl9pr2l9zjnqz0w7qdf6qk4ddmag50yf6pj,2,0.020802
osmo1mc2nqf6n556wzwtyg03ajgquyzsntjm895f9zn,1,0.01
osmo1mc92962v5j9zfcxm0a34fdkqt36zrmypg0ez3y,1,0.1
osmo1mdc2va855zu5s5n37k3yt3ag7ur06nkn0rf666,1,0.027678
osmo1mdg6yhnrw2yu9mwmqlhry0zaus2yvjqzevlnhr,1,0.805021
osmo1me6xrxj80cp4smrmy2mwaan67spnsen9c54m78,4,3.25761
osmo1mehhrlqn6k2v7j2txa0c4vqc0s9ldl87242cel,1,0.839551
osmo1mf90w34uxzlxuydeetc2dkyc5c993rleqez6xh,1,0.221008
osmo1mfp7rnc93hdgl6vulrp90k2ur8ecaqtgdpasaq,1,0.0001
osmo1mh34g6jzdnc89wk78k49fc2rhesshfcz3amuws,3,0.801242
osmo1mjyunejzs9pdv4ltaapxe936440lxkcu82njv4,1,1.0
osmo1mk8kvqsnge6e3edpx38dqnpn39zmqlswap6g6t,1,0.74493
osmo1mlg47srkgcfr6uwsq4y0swjyzrqhjek09220p4,1,1.0
osmo1mm8huzhpk5tx5vgj877zse37c2zdymzltn6m3e,1,0.400596
osmo1mnnn9963pjhlvvn02rn0utu4e88tdqn5lsvdk7,1,1.0
osmo1mnw4pwkp7ujkffpy2486g92mgsdsvfr24exz03,1,0.000473
osmo1mq09dnc6a4jsrzfaqjm703zw79dueym56hgnmq,2,2.0
osmo1mq96vajc70e6dyg852fr5809g4gaxr0kkn87xd,1,1.0
osmo1mqm9k0rq7mh62va3p3p4qcepqerp8853jtalrd,1,23.633103
osmo1mrm47n7v5ehktslprgahpuqzdj8scklxc79lkn,1,0.5
osmo1msaq9ga5axn7vewz8l4hlpvjenxz8twqrx3s6j,1,0.000544
osmo1mstnpnemg6mazaehxmxa8ayr2prd9agcqqmz7w,2,1.866495
osmo1mszqfjrh2af5k3jr4r3deukgrzdylkr2cr537c,2,1.391473
osmo1mts3fxyex0c4z405ekzq6tw0y645qcy6mz0yxg,1,0.0001
osmo1mxtepzwtdtvq3agfzwk960g5ypkfex34hcxjrp,6,5.008734
osmo1mygm93vzdhmcgxn59m8vjcm22w2uzkxm4h7fc5,1,6.99628
osmo1n0yex58ac5nnnawx5cjzs0k6rtyutx8flw2s3q,1,1.005789
osmo1n2gsnglmjyq5qwaxfc2jcmz5rq7fassx4e2d0v,1,0.006537
osmo1n32s0wdnlawpk9el0akqhrqatcxsw8tk6jgc6y,1,0.052541
osmo1n3mhyp9fvcmuu8l0q8qvjy07x0rql8q4hx70uh,2,6.177024
osmo1n5pu2rtz4e2skaeatcmlexza7kheedzh2jdlaw,3,3.0
osmo1na0tdzaz0mz78nhl56gc888x87pkyjf68w3p44,2,2.0
osmo1na45quuuzuv5xtzl5qqp9zep9rkluqykszgrul,7,4.528087
osmo1ncay4z3xkpymmgjr9mncykhlq8zrrvyxe36mm8,1,0.202537
osmo1nckqhfp8k67qzvats2slqvtaf3kynz662zfvh8,2,1.914047
osmo1nd3quzay673s8uc240594a8cgfjvmxjh4ufznq,1,0.503532
osmo1nffxrer06tgkzlhzdxtz7efrqf0ykufrf7xehh,1,1.003381
osmo1ngw6z3ravew0sern42t88fafen4uzupf4l8h87,1,1.0
osmo1nhfpuvxupt544sjxrzwmjdk0un9p8385tch7uj,8,6.784194
osmo1nhl0qusq8qmcx8j4pj8ynhazucdwjj5mkq8wp0,1,0.501
osmo1nj4adtasteu0qwmr3r54vt3lav5z8s6nj3jfdl,3,2.369192
osmo1njsthsamgkzdqqg4awj7y6rxtuk3q26t2t8md2,2,1.078345
osmo1njusvz6kcg2844cpuetke5yghjrp57uy25lgd6,5,3.0
osmo1njvfq5pdad2f5j0uvqtfdujyg8c5sde2n6yw2t,1,1.000003
osmo1nkrsk4e8jlfaprmn282zulhfvw00gagy999he3,3,3.0
osmo1nn0jfp9azpdfv3l95d4f8av84uasvkmkqeq8qk,2,0.416281
osmo1nn7pupn0s9zunrtfuttmg63jpdy2wzlt9lmdhp,1,0.004347
osmo1nnvdyyvf2jyhgwy53s03xl8je28m8wf7kds2hy,1,1.0
osmo1nnzrx2agam306cm5tjjsc2hth2wy3gnr3mharn,1,1.0
osmo1npnllf4lx3cx9whtnzv5r2jc9270l99j9v62s2,1,0.89963
osmo1npqla4aamg5lxtlzj396p5y6ng65q83y0mvvfj,1,0.414402
osmo1nqhseqhw20a5n53cwn7fr8fdm79rlkd2al9dn3,1,1.0
osmo1nrj0a4racmxwxhxdjmh99hagg8x4ytgfyeq296,1,1.0
osmo1ns80ncz6wpdnpmdpjdaka22axen68rm3dlptvg,1,1.0
osmo1nsqfr8n58u63l6y4hsz4k6s2059nvzz6x9lyrv,1,1.0
osmo1nt4glhsmj8c5m5yzg6dlpawmuggqea0udt9rqq,2,1.805862
osmo1ntg806vs7jghfetf7nslfvljjx94mxvsyvz6c7,1,0.0001
osmo1ntgjrwew8t4zv0ghqsa9hnlg4w76uzy4q5zlg9,1,1.0
osmo1nztdcyrrkza3gnjvvhh4y2uj8qphe7mw5gm9sy,2,1.36458
osmo1p0c0d7faqjlhw5y07kxwppatahu22wdfzqargm,3,2.912614
osmo1p2lzez8xgur2c64hrh80et32jv26fa2lspgtvp,2,5e-06
osmo1p4dx74g0j6spkwv5lupa8um55006xuaq37uas4,1,0.0001
osmo1p4r5lv6pdchdnxw9ekqjwa08kzefrcrgtmz2hx,1,0.060903
osmo1p64d8tal0tc02csp0h9cflxr0lfcaxqxvxh7k9,1,0.877141
osmo1p650epkdwj0jte6sjc3ep0n3wz6jc9eh6g4e3f,3,1.001953
osmo1p6pdensxvnkrdaehtrv2km28e7w0t6d7dqj5vz,1,1.000224
osmo1p7ezph8q9v3evg3dq63qrep7p87tgxxu8ffl6e,1,0.244501
osmo1p7pxhn6s25qjrjlqgvxa8q35mp6rl099lpkt7d,1,0.44538
osmo1pav2h84u4t80kf7ala2ss2j9umjussz7qseuws,1,1e-06
osmo1pc3kgqwsxfvfr055ma5ye586nqjhxavju34scc,1,4.416673
osmo1pcauy3jqens4rs4hlumfgpepvggcadklysk7yf,1,0.8
osmo1pccavde92gay3fq9c7e4ne828w0a2p22ygucrc,1,0.7
osmo1pdujv32j59ycprvjd8e0c82dw90c3hy00xn5rs,2,91.344261
osmo1perg486qpgfpky57y73xamclf3s6na6eethvgd,1,1.0
osmo1pg0lfu3t045qj76k59kfj24xvdv8d4g996k30s,1,1.060712
osmo1pgnpjs3zg6sgm9pdhtrduqyyx4lq3l4f7kkht5,2,0.333
osmo1pgwf50mvx6d9cwqv822dz42nsml5g9me2c3kyh,1,1.0
osmo1pgzsur4a78nmd6ypujlv8qdupwu64f7m5ez88h,1,0.3
osmo1phrqw89hkx99e4403y6dw3kz43372gjpt6j4z2,1,1.0
osmo1phufrmxggnnttt088lzpmx54fagzrf4p0dvap4,1,1.0
osmo1pj9e89gc8dkvv72wh5qdsxwrnwzev8tv0vkk83,7,7.017942
osmo1pjmngrwcsatsuyy8m3qrunaun67sr9x70my063,11,7.820847
osmo1pkx3kqug9ksxce5ewh7tsvn3ajz76g3tpkannu,1,0.938049
osmo1pl07t7n5e4p0px5s4vn44l67xzzw2vhrug5hkw,1,1.003016
osmo1pl0slvr8xg82l6ltd3jjnf6m38teqzah57wh8l,1,1.005944
osmo1pm2g0uer9ry5uqmrgzdq7hv0ds8r33a9gysh42,3,2.43965
osmo1pmaltcu0x97x8j5klc8xluaapkzcvztcczt4nm,1,2.000015
osmo1pn7txcl84yd4ht0ks5nlddjkakujjqzsutg5zq,2,2.600769
osmo1pn9v2p0gdu8p5ghy7seswpry8ryvcne6x4jlj6,1,0.55
osmo1pq7az4l0euv6jqh24exllzp333q7ek5f890th3,1,1.0
osmo1pqn5eyjtgswh5u4dcqwtvt9apqwg2ku7lzp4hx,2,2.0
osmo1prg3yz47d3nvgq96swcx7d44kfwfrp54d7fa7e,1,1.0
osmo1ps0wcyzfjxdlkjgwvaq7qf4nh3egtmkyyu6f9v,1,0.516208
osmo1psrq9jj9w3nxa5w5rmpavuu9vlxkcseuk2z4p5,1,1.0
osmo1pswe4zg8agsn8vjqtp5y7p69c2uu9zncmupkm0,2,0.136706
osmo1ptyzewnns2kn37ewtmv6ppsvhdnmeapvxxlq74,14,11.442855
osmo1pul4rjs0aj4c2swpzfeh9s3p27cf8fv9zt8uu0,1,0.009528
osmo1pumcg7jzk9rftgglv5l2pp9eylvksjz0ztt2nq,1,0.75
osmo1pvcm3nx4qtuljps2uu6c7teaqmzr9jvl96z579,2,2.39688
osmo1pvcn0jjv2mugdevlue9vj2ks7ryjgtccera0jq,1,1.0
osmo1py7vnejer4auv8e0dyexvgkas4q08wppe2pmj5,2,2.001458
osmo1py9s288dpjmp4r9p735k6ean3qv7tk584atk2s,1,0.975556
osmo1pykdz7fdhdnfrcuyq4qarw5n30vrzlwtwxtca6,1,1.0
osmo1q07kxp5swthmjhgrttxmp20y5uhaqjqlad0953,1,1.0
osmo1q3ywqtmua476fkc0x6hq27l49keq35cl9fd80d,1,0.963389
osmo1q48h9vvsnem9rckymlce4s0rcz4m5thmx7uvf3,1,1.0
osmo1q4aw0vtcydtn7lqmkfprm4ncmr4jdj70kpg3p0,2,1.096213
osmo1q4wxylcshtumrdp84sx3r9g79gtex5qclp6uzz,1,0.398894
osmo1q5r883azzh0n7v377h6ehv87y7xm5yldtvxe3u,2,1.788001
osmo1q6mgkye350pq2ykrcu2467xrqn0jspd5gnm969,1,1.0
osmo1qamfln8u5w8d3vlhp5t9mhmylfkgad4junm4fz,1,1.02047
osmo1qc60ztmn89hzn9w8zxd77m7lcpygcjdc2dsavp,13,29.559385
osmo1qcaugnrkmzm9gkcp46kh4fge8v33542ayj3ddt,1,0.1
osmo1qce47qpvevmyr7kk5arsssg0zk2ul2k3wsghsv,1,1.0
osmo1qd463kzgk73cpk9ywl3jhvn4v4uwlwd3pvtwqw,2,2.429539
osmo1qdg0z3tl4vkma5zpvqzlywm5he2vgl64wsg4sx,6,6.0
osmo1qef0dmrjz2weulfdz8fsfw8m7pjfdxs8sp9prd,2,2.184188
osmo1qerjal24d9kj2rez97vs05l47258yglz62uwkv,1,0.082022
osmo1qf36e6wmq9h4twhdvs6pyq9qcaeu7ye0wcat3y,1,1.0
osmo1qggcs5x7cu0xsdry24ms5k5zpka63vtswnhh6s,1,1.009278
osmo1qjszucl3nx7y2nsyjfekpuhw7d90kcht8nlrj2,1,0.1
osmo1qkjgl4tc9w8vfdesrnyzg709quhtwjnsumkxvp,2,2.0
osmo1ql847frlvp4ja04kda3m9mu6j60yf2gamep0x0,1,1.0
osmo1qn0d8m5s8k5e6ym5lu05g7xaj2zf8y576hn5cl,1,1.0
osmo1qnpx3y9jrx6z439r55aekmelkwe3fp42x980r4,1,0.008493
osmo1qnqwxazzha6lsx2rs2gewu2337uha5lz5uf2yt,1,0.157433
osmo1qq49rylcq0yj9t4myfv2n7twxhk8eadx86ytum,1,0.419622
osmo1qreftu7wrzcaqfgjjva4j7j3sk0fsserptgxn2,2,2.0
osmo1qs02d3hk0caqlzh4j23fndfnrr7vtku6rdymx8,2,5e-06
osmo1qs5nxnzk95n2asw2cyp7yee24j3eacfpfkmq5y,1,0.0001
osmo1qsd0yqc0awjw9ljjd782x30r64nrqds7e6lmlj,1,1.0
osmo1qsrxnzpavxqc2jqlkeyl3374svvclg4leje0t2,4,1.53189
osmo1qt4vz339q78ypg9hurws2dgk2p2ranqn8nzr38,1,0.0001
osmo1qtyd5cf67fyxld2neyqvsdvnp70y97fuaesh2v,1,0.04634
osmo1qvap52ejamfxussvh2euffmkzreug40zlffx2s,1,0.373571
osmo1qxngfsqjng2fup6egfathdzwnveqyhh5dm65rh,1,0.230111
osmo1qxprregw2tvclv5ecg23u8cm8vwx500a5qlv5a,2,1.687919
osmo1qy0uuxmwerl8dns3z9ke56k4z2zphgnyyea89x,2,2.0
osmo1qz9k9tyz5yar7lpwmwashscs9ug3muwpqcvnya,3,2.779367
osmo1qzny67usplncefpwpy29pa34vjasw76tzcv7ps,2,2.0
osmo1r3t9vzluwul5vfwwwkg7k6f2ds8m4x8ydk8d38,4,4.155403
osmo1r3vgaj39ntqqzu0qwqrsql7gf6slhyyl5yamht,2,1.765711
osmo1r497vglkscjdhj9379daw9pthzp69h45lqljmc,2,0.65491
osmo1r6h7w64333j4zderxk8huumpu2helrkfqn62c7,2,0.171543
osmo1r73he4fczkympryrv0emec2w3ke40vrwp95c5n,2,1.5
osmo1r8jzsvvy9es4t32pe9ydejragudzfepp7em59k,3,1.0
osmo1r9dm2xgser7qwgfm5n500vtg3fnkxyhey87ltk,2,2.0
osmo1rcf5hdjs835vtk6he8majrsv789kgc4fhdygsv,1,0.680186
osmo1reg3wkdc6cxx0u2npzjvmyn55mwfz3y49kd2vc,1,0.0001
osmo1rfpar0qx3umnhu0f6wjp4hvnr3x6u538gkgq0n,9,9.0
osmo1rjp47v5ppgt9vpk8jnyqlk0y4y2rc9vgsnpncr,1,0.0001
osmo1rk9tg6nq8jusrtg5maytnh5ezgtkpkj7s5py0x,2,2.0
osmo1rl5wqndznuq2w7gzn823lyh62hjcw7mflpgpsy,1,0.9083
osmo1rm0knrfxpr5yqnxdzwnhwc490a3awlsnvexrl3,1,1.0
osmo1rnnuk7rmjwj3ep97s5d0w5ek5che53ekg5zp55,2,2.948839
osmo1rpgtz9pskr5geavkjz02caqmeep7cwwpp3kcun,3,3.000004
osmo1rpzsesr5cjgwwyj2t3edez45e0x37qxc9g4fpl,1,0.921797
osmo1rqhy5mt0dk07eehjclr7lmuh323e9vnwtsywya,1,0.389029
osmo1rrn636u3vc3qvuu9lyg8eef7yqemn2t6vs0x8e,2,1e-06
osmo1rtnj905gy6nq46rw8nye7kcc2h94e4kpqfqerc,1,0.900948
osmo1rwdmkrfy89xlfms76wt4flpg69x22e4lpzx2df,1,1.0
osmo1ry8xqeyl7v02k6tlugjkzgvpz9ccpj6sa4cp92,2,1.0
osmo1rygf6l3swgyuy9apuuspwleqj4g0sq26pg5xlv,3,1.331623
osmo1rymfw64cg4ffkjy8ls8anv3622g4lcgtnmhn4t,1,1.753519
osmo1s05va5d09xlq3et8mapsesqh6r5lqy7mmcf4d6,5,5.0
osmo1s0aywgc6rucfscng07fnw0fj836mhz6m0clkme,2,2.011872
osmo1s24ht39ea9pquwa2ry3zwd4ahlq5zlj5fnwx53,2,10.564571
osmo1s2a7rckcky6jmhncxwy0xtwf2ymg87puaj4z2h,1,2.042735
osmo1s3y5g0nctfv6zvlwnw45gtk222x3ya2p64dd6x,2,0.756652
osmo1s43l7s99hx627scn2ldd3ey50qpj9frv073xj7,7,1.853763
osmo1s4qz3yz8dq46gsjws0zmfz62zdddpy907l5uxn,1,0.5107
osmo1s5qpuhr2a3erxt44d94n98cgqnscscdqjp20xu,2,1.0
osmo1s5xslj3nd4rc7msmerysrmf8tm7um4zeq82apl,1,0.879648
osmo1s6a7hwcvk2ehsn7xgvfdeaawav4jwdxl0az8a9,2,1.000563
osmo1s75kpsdutl2wj2gug63cpa7h74rqw4vyux8rkv,2,0.052821
osmo1s76974fczj0xn3e0luxx94h43705cpe8c0pdy4,1,1.0
osmo1s7j0y30n7ytr5hl0lh39dksdp5pq72vvvedsxu,6,1.8
osmo1s7jnk7t6yqzensdgpvkvkag022udk842dz4g3v,1,0.903537
osmo1s7nxav9fmfd0ssygpwjgcg8w9wngauhr70twgl,9,9.0
osmo1s8n824e5p5chavmq6j2se3npxyquvxttwlfdxz,1,1.0
osmo1sdf80g92at333j0r3hfh3ksuqgpg4f07v3ea34,7,6.783774
osmo1se02n5r4uv8fxzlp2edy9y9jpk6dmd3r68k8qr,2,2.085239
osmo1sejtwjc4tkdunekw5d86h9644qeyh87gclzkcf,1,1.0
osmo1sf3c52je20nlsjdv52e0z5lazhq0qfdwfahzfp,1,0.705338
osmo1sg8r7u5ddqkpha7qv52c6lu82ude88lyf2re46,1,4.95009
osmo1sg93ax5v54hmhefcnkfcal5saqk58q7v3mjq8u,1,0.133885
osmo1sj5m6kzt3aerq427l6pwpvfjlkfdll3jgd5hts,1,1.0
osmo1skv2quty6zavcqfrnq746ll2pmyvj273dlh97n,2,2.000001
osmo1smh4k0r2sxnntt5l7e0fzvr9fzlqp6xneq9s8g,4,1.433062
osmo1smrhd9c9rfafzuv30t5uakhlxah6dcg83uez5u,2,2.0
osmo1sn4hqp32vqv0calrydmgyt93yaxpml7jlrjyaf,1,1.0
osmo1snexgprgep5m29pvsr5m8q632yfyhn5npjqnkz,1,0.25
osmo1snfk76yqeg9gcsjnk6gxqzhf29xz7pzq3htq3v,2,1.586436
osmo1spktc4nyexjsg25c86400742cdeulexgcq4xr2,2,1.509758
osmo1spq8qzxns9asz64azsu2pt37pv8dqj4r63cxwz,2,1.902521
osmo1sq2uz0a4jxyz93vsl9fep0s6svtedwazywxy40,1,0.476887
osmo1sqty9xlvj9vxeaxe4gg6c7tmrmm6enyn4y29h6,1,0.827151
osmo1sqylq95gss5gr2mvf0ssezwqr88wqc4gn94fws,1,0.811907
osmo1srhzr4s6k3fqx2mzrfpwjz6ffy7t6j6xe9aefl,1,0.845014
osmo1ssanfu7czpyw64ypruj6aqmmw666qfkuwkh29f,3,3.000718
osmo1sukj38d7x2svpw0tklfl0f9xyqfl76jwwfqcws,1,0.904752
osmo1sv94kscrse7dxztfls3l6s2gl8ggafpghexxvv,1,0.813802
osmo1svd895fup5hqxlgttjrx428dswhlayh3yk5grk,1,1.223845
osmo1svgrg5gztq5a5643vr4wuy0q22gugeqnree6xl,6,4.0
osmo1svtvdxx60j9n9lrmhepv968smd7a7a6p399y2n,1,4.320354
osmo1swxrvqjycece2zg6475rhaz3k4mr3smfk02twr,1,1.0
osmo1sxsk5v09znwuhux2scueyspulyeypdnwlvdlan,1,0.586967
osmo1sxug4mcc8m9rpx2l3ygy4lpruk2khr5c5wcgv8,7,7.035189
osmo1synyl86cpvgdulaema06q0fpgyyl6dhfgjvcfk,2,5.0
osmo1szn9j05elq9jg5tayke5rmraj7gpw2j5mhzvsn,1,1.0
osmo1t0egutwqqjt0q3t3cphltlcad4xpsftxue072r,1,1.0
osmo1t2e08me8mw502cgsxfrgk8hp48saqheaw3g9jq,1,0.226772
osmo1t3nw4ppfset7u0f0ueau3fkwmc0dd9xm5q7rxs,2,2.0
osmo1t3r07cp8yqrj69ddcxz0rct94kq56nz905q6yr,1,0.466567
osmo1t43afeavcdrsc9gpyrxc03r5407awjenc905hd,1,1.0
osmo1t47fyg46afchqykm8stktfhayunp0axruwm7p6,1,0.845688
osmo1t4lq4fnl85250wg0kvzx5f0hjr8anymwvt3u95,1,1.0
osmo1t4ner6am0jdtz34tr3mezmck70t0dxclkaudva,1,0.922995
osmo1t5e7cqskl4jz92xusakcdfq9ldt4wmzjnqaunl,2,2.176038
osmo1t6vq6ud5p2me4jtfedv0qgnwepkyghpv98032q,1,0.455506
osmo1t76n8ehdg6503zjzuzdu9cdzle88dpkqwmengd,1,1.0
osmo1t8nx7am6832pqf7r6khhdn6wemvjwcul97956n,1,1.0
osmo1t95l7vvlhjj23wk5573ktvmkv0v7tr5z7fxu0v,7,4.743931
osmo1t96ds9s985cpwtyayykgez6qnrwec9cxramkvw,1,0.569232
osmo1ta3kpc5uwa358hul6nsqrhcegqj4qnm9s0hu43,1,1.0
osmo1taylhrc083qc4n69tj7z33v0df9ty7rpaw4fpu,1,1.000001
osmo1td4y8k23pqyjn7pyz99fhvyp0ghxdzwf5c4mss,2,1.419708
osmo1tepf8zcmsf98plnvraepeagrnvz37mf8uyplwa,1,1.0
osmo1tg35xn6jf3h65q40eaymqy45gwtu0rnfc0qlc6,1,0.223907
osmo1tgje6kmcyfxzc08qzvfpd0404npp963hypmgxp,1,0.074567
osmo1th2tyhtmxuj2mkkk56zlksu8fjdnx57pptjzu2,1,1.0
osmo1th5r9ln0w7mcfcf4dst20qq3spyqqametc0gv5,3,2.917659
osmo1th5sj8hqhqwsp0x2erd7w7lqngtnmggtg2xa3f,1,0.735765
osmo1thyr74ez4kaupm9m3qmv7tpm5h0xukmwucgwl7,2,2.0
osmo1tjy722hfsmcgke83knd4dlp6jvyycet73tjv79,3,0.057866
osmo1tl2p5pz70zjp4s60gr5he0cljwjezpmk8r43q4,1,0.754088
osmo1tl68p32cltwyr0ug6lghcdm2a47tsv9z5ht0zr,2,2.0
osmo1tm60k65drh9qesxv2u9lwxu8x5wpqtd7mgjf92,1,0.432347
osmo1tm8aa6r4w86v9ulphss6fg06cyvgeya4pxtzm6,1,0.191595
osmo1tmx9nwh2skfqenqetjhqeay0u2e0erlud3z4mr,1,1.0
osmo1tngrk6fdalfzff4k90uzyy88zfprg9vnnnqxpa,4,2.310257
osmo1tnyzm0wjj3rksnez650gzyxjmrvjn682xq2s6y,1,1.0
osmo1tpgtvvdffe5uu5mkkmtsckx6a5hplwxpgzgkmw,1,1.0
osmo1tqa7kt5vkzg3x5m64ky8x2lrv2uvlqmscuz8re,4,3.404919
osmo1tr3eyy9l480pxjk0ygudwpfus7j8pgdlemgx6w,1,0.85257
osmo1ttfytaf43nkytzp8hkfjfgjc693ky4t3f950va,5,5.0
osmo1tulnw68jdjjlp2sw3ncj6wj930md4cpzmdf2du,1,0.012271
osmo1tumrwcmgtz8sj7yvux457cwv95g4n4wzdl9ahy,1,1.0
osmo1tuy6z4e7s99uentrrq7gxx4tgdwnw62mxmzx8x,1,0.074123
osmo1tvmdhpatm60c80yk8wma3njhffsvhvs5x0jcnu,1,1.013206
osmo1tw906l88whkafmtsjasx6hy9lyw599n5e65ph9,1,1.0
osmo1twvgsd4p5l8s4er0uvnduwkn43yxm7n9laaqpd,1,0.802227
osmo1twy4k97hjlcqxr6s9srzyel2snuvnm50g9wtnq,2,2.0
osmo1tx0ctdxvv5f9gt26pmxte5asx368mkkg3c74w8,1,0.009465
osmo1txevx4j750yy5ae794y4akq0t9vxq2kywls56r,1,0.45
osmo1tyrmartuh6uajdgk0pw76n7qlvq9xr5v6rp8yy,1,0.910113
osmo1tz85hm9gnn9en9jhsh7tj2yzvtd7mx57428lld,1,1.0
osmo1tz8hh2ru2v2lpnhnhy0d68x5ndz5etd57q73tf,1,0.938109
osmo1u4qsps5jjr7ntqshwxjejzhzve25rpsu29gwfp,1,4.7e-05
osmo1u5ezv0vxptcs4fcmknvtaz39d4xakqy2wkp7ez,1,1.0
osmo1u6ddcsjueax884l3tfrs66497c7g86sk73xc4a,11,11.0
osmo1u8gqz4atzzpx5fy2tchl5lmn8sdmq3pyez7lvl,1,1.0
osmo1u8lw3r220hzhvdljfvllemyny3ztt0u4gvqkkt,1,1.0
osmo1u8xff6p6p4uunrpha6m7fskv6j5z49qhyeulty,2,2.85458
osmo1u97lkjqammjv2xxzwsxn5avrrhx0czudq3hane,1,1.0
osmo1u9a6s7vp44dw53vp0eurve0glnyt4hxtx0q7a7,1,1.037767
osmo1u9km39g442hyzpzpfnuu4ufuc4k8ummg3jduud,1,1.0
osmo1ua58fyeup9mfvpv3lgqj7s5kcx8urfhnmxpemq,1,0.161716
osmo1uamn4ktpmes2efdf6qfh78m5cedkfctg4sff60,4,0.457384
osmo1udpsgkgyutgsglauk9vk9rs03a3skc629nxqf9,6,6.0
osmo1ueu8x2dzttrg3m6jyqvgpa2nqc75vawnwmjljq,1,0.88565
osmo1ufwpz55k3r3de0m4v4448yqa2x6nk656unm582,1,1.0
osmo1ug4p9pyeqnfd2kvtvgl5ulu2h7k428syxtln40,1,1.018001
osmo1ugs6t3rsj9rq6c7clqwraunrur7nvqn3f5znpq,1,1.0
osmo1uh7p6e40zuxteddq7a9jh8fqe3xlysfhlq23se,1,0.027387
osmo1ulwgf9ly9kq2le5fgupvyd00wqym88xt68fcrv,2,2.0
osmo1um0j8mskacs58whj3zd3fx6nrytsw8w253rxjr,1,0.288755
osmo1up53sdcxtsd7pgqmw6nkekwhg5q7v25hf4u5gs,1,0.0001
osmo1up6a4dfwap8ppe37jcar9ahffgmym470auka6p,1,1.0
osmo1upa3etjxpjr2j39p7h2fpxs02mlkuwkkuu08a6,2,1.0
osmo1upvghq3h0ljhh8e4w6wmdss5j5n09dc9xdnakf,1,0.427507
osmo1urcej60stz7ml4wvtvva9zcf2t9j63lqdyl8fs,1,1.0
osmo1urcmv4ge6n64f9xydw2crjjyml8ezzu693vhcg,2,1.001022
osmo1usrqqtsu75j8d5gf932gc8vuh7yly62nq09y4z,5,20.216734
osmo1ussjnyyfzehkgarcw0q7tdrq258mwugsut0xqr,2,2.0
osmo1utj9vnja2nma8mkgjmtwee0vgm6g9ejexeqk43,3,0.000171
osmo1uuj5dr0xr8ryprgre93rszapp6lwl6a8qcqpkp,1,1.0
osmo1uvyv65xwns2t43n623xlz0nqaswmrft8kylfx8,1,0.005768
osmo1uwea0464sy0st7tgwyyfzvh8yadyw0g57ys3mn,2,0.779904
osmo1uwu97fck9sajv3wlnu5ae9qw6ppland0lkfnda,1,1.0
osmo1uxs476ndlkyly8wwfmc78flp8fyuwcshqdamp2,1,0.806693
osmo1uzlkcqs7ymrfwhzgg3xnjnekr7x39vewyvwm7d,2,0.412006
osmo1v05aas8hndgs8r86ekj6hwfz6xesxeumres5ec,1,1.810722
osmo1v2xh06d7jywnnrhu0shyfejn7uff7l4nrltq8u,1,1.141607
osmo1v4m3ahue5pdn5smjh2flz9at2u9926h36l60r4,2,2.0
osmo1v5hrqlv8dqgzvy0pwzqzg0gxy899rm4krvxz48,5,6.845286
osmo1v5l9p868wtf3xke2th4z73ewne3y3ydw0y346w,1,1.0
osmo1v5rzs86plmhe93wj4e9f6tm26t6fkjwyvafac9,1,1.0
osmo1v5y0tg0jllvxf5c3afml8s3awue0ymju22wxx2,7,7.000001
osmo1v60nl7wzelzush0c0vqata60pjffc0rx394xlq,1,0.945085
osmo1v8hayns4zauhwvw07tjf67lknq4ptdq7vnjpu3,1,0.882046
osmo1v97agk4gkyytpphhymqxhh3aqvvra3vv9k0wp9,1,1.143494
osmo1v9jk6032ssff3jmkjgdt83qdkaagteg9045eyu,1,1.0
osmo1vc0643xcsgnn2zd5xwv3z4plv0mfxd5j822gyr,1,1e-06
osmo1vcd6gx3jqng2m7tw6k7e766skayv5rkh7hrl4x,2,3.16729
osmo1vcjl2p4pdmpjzk0smqqwfwfsv60w9td0mv8gy9,2,2.0
osmo1vcs68xf2tnqes5tg0khr0vyevm40ff6zn0dqs6,2,0.753111
osmo1vdpwkaqkcucl2uumqz3s4fjj0h502gn82e4ygz,5,0.002284
osmo1vdv8v0ztfxwcu2zuh8tdfgchhq4f26pvzs506u,2,11.368812
osmo1vee38tfjwl8urh6afl93alq0g3ht98js6cqvre,1,1.0
osmo1vej773tl2cg96wgtvvzvx78mqz42l55mcf22n2,1,0.754132
osmo1vekj7vj6ejdf94shkc703c2rl3mkh86jtw8psp,2,2.0
osmo1vf5g8s7qctpaj8gkvtmu9t8qr8hc5nx2ad89sy,1,0.5
osmo1vgfpvxyzm0q05xj2e2z9zt3dlqpvc0m0tg20wt,1,0.408108
osmo1vhpse9y73ed670vpvglz5xz3crrhgw7wg6wgay,1,0.84891
osmo1vkxq45an94x7av85mp9kgnhgep5ye3anppw3n0,1,1.0
osmo1vmnszddr75huvt7fcvx7nuvk7vje4qmx373gew,2,6.322555
osmo1vmx85r4h6s6x33wa53kyusracrq6r3nuaezamp,1,0.568327
osmo1vngy6efk2ujkv0s0v5zgdm7ktfwd2tyfyk9aut,1,0.931144
osmo1vnw52petmpx2jfrzauhkezhtvv78mh4sym2n28,1,16.091597
osmo1vqp3s0muqq0045j6tudnsm6sx7lsr5x68ycupm,2,2.0
osmo1vqrz8gckqyumskeyw5a8jug5pw8q5e2244pkye,1,1.0
osmo1vrnfyxd3dweekdj2ax6wk3xgeqdct5ha5ut92y,1,1.0
osmo1vs3ts3u9umtxmjalvmxssmjq70mxtdhk2fzg3g,2,1.799833
osmo1vsvukglm907sn0psda3e5609mgyvucwfsfh056,1,2.0
osmo1vunhupqyv25z4av8ndyhnqeakgwggpkcnwgqy9,1,0.921022
osmo1vuy3a8zqtewxqx2hy555k22pdu2yk0x7kl2f47,1,1.0
osmo1vv6hruquzpty4xpks9znkw8gys5x4nsng4kery,6,1.0
osmo1vxmtm37tn772qzd8jp27z5vgner4l7myp3mtf5,1,1.0
osmo1vxxfhd8txmrq76jx3gj7sdrvg0vvqret37pzqc,1,1.0
osmo1w00pq4pmv8ql2yssmzsggkwjpt04jgse2y0ek3,1,1.0
osmo1w2q5xd8nhylu4vj28vpzfgag7msfxf0vwu57lj,2,6.525858
osmo1w3eta4mav0ppvqjemfemc6gvd784l64wa84m7t,2,0.0001
osmo1w46h900497r9xveluekumjzesu7r9lzqvyvvhq,1,0.987384
osmo1w485eafmq0mmmfn8ahv0wdgf9ewfd72a8c5q7k,1,0.73642
osmo1w4f04xqmg4sdc3c8a80lq9fcgrlfs953gz3q9h,5,3.688314
osmo1w4tv7u3kzusl0ze5e5zacn6xnadrgf2mf4uf9k,1,0.863729
osmo1w7mgy98qh8gd45r6k3468dp8m7wnnar49q8sqg,1,0.999956
osmo1w8f79untsjwrdlzl7tfy046gh2suz96zkezpqx,1,0.982195
osmo1w8luvtswyudxvtgaken5qjsnf7xtlwtsh686qr,1,3.0
osmo1w8nv8dfp67gsd443sxtsvjuh2lv2vwpsvs3zvr,1,1.0
osmo1w8xygtjcn24l50a9l4t3j67ne3urcfawq87s5x,1,0.609741
osmo1waf0yzdvaflpfvn7scqm6rz7y746r8t5m7g32q,2,1.561621
osmo1wdmrtflx5w7nvcuy9ln2kffxj2gskexm9zt75y,8,7.159634
osmo1wdwss6h9xy6dr0nzu7j83n7glkvqndljccsc0a,2,1.436302
osmo1wejk5q7fxxuwsqdh52aea5tul6kmlz27hqj2ft,3,1.418942
osmo1wex4w038mdl6z6q5yt9m8rmduznhlkjg3luvmu,1,1.0
osmo1wgq590ngcfnc8vh78ufstsj3hc888zex5d3rk3,1,2.151456
osmo1why3y85ug77qasarpyt7ya95659zg93d8lne3q,1,1.0
osmo1wk2r2m5mj6g76atd2fjjf9n3mg0kkunksdyy70,1,1.0
osmo1wkapx6khfgk4v4ekq7c8kjjdjs0xvj98gt2d8l,1,1.0
osmo1wkh8h6culsqg5negnwv39d9ful39l2hql9kxes,1,1.0
osmo1wl8v7573lmv0uhsa0d5329y3j7xauf4fppkc3z,1,1.019197
osmo1wlp3s003m8yktac7gza0rnu8tum09v2tvwjefg,1,0.878164
osmo1wnpak7sfawsfv9c8vqe7naxfa4g99lv749em8h,1,3.999833
osmo1ws5my28ys2d3mmajn2c2r72qnyfqxa3leyf4qz,1,1.0
osmo1wtpc6lfnfrksmqydtv4dcvrzed0p76r5akmfgr,1,1.0
osmo1ww5xnauhdksqth04hc3chfl64lz4cm8jwtgl2r,1,0.767471
osmo1wwaz99v7vvgcz0epqv90nw8t8g39c89es9fslx,1,0.996608
osmo1wwwna2rcwh7guyc39zng5cszt67hjm88rmlzn4,1,0.000435
osmo1wy9fcwwkhrz50hc56yht7a0velcrlzgskppjgw,1,0.849032
osmo1wz69rcq9qdnksdryma0caxsktt272hlggrvf93,2,2.0
osmo1wza5cgx5zahphu3gfd2rqpglhqfdjhj6rvgxls,2,3.020261
osmo1wzf9j2a6ka57ke8aj69hq8u2updte7putk2nwr,2,1.814816
osmo1x2cv068df7kzy438fwsq0jrd2z4mgvlsy3ztzn,1,0.011236
osmo1x2ysc3xyg9dcurpcjdy04n96xh8deqtemc3z39,1,0.000237
osmo1x45ny8p2u3nhnqpgx483nc9qfy63prlkg7ktvl,2,6.976268
osmo1x4e0qknquwcdm65fcvruvd5dgrqcprskwqxn8a,1,1.0
osmo1x5rmunevfr0cn3dypw86vp9r9c60zzlkrvja5m,3,3.0
osmo1x88j7vp2xnw3zec8ur3g4waxycyz7m0msc2ftq,10,10.0
osmo1x9au3m6xwp6u3wrvl64jrxd9tdq5mwk8jjuulr,2,11.000005
osmo1xak0vv28mgrvl9r4f028l29hs7l730peexs37z,1,0.121601
osmo1xc8nvj9wrkrvcye0kku48tv4tzl0nx4qapsuws,1,1.0
osmo1xd8mwh3gjwqmpzsh2gu64j9vqdl2qz7vudn4nw,2,0.000643
osmo1xex5n5q54qh5n7vslz9tls6k543hah3hqs6qms,2,0.002919
osmo1xfdwgvjm5z4khfa3j6jf7q80l7tt82lmhs62un,2,1.420705
osmo1xfusd50x8pma3rpqr5fhw9hrfd46yktpsxkl87,1,1.0
osmo1xhttwcewy0fdefgykd3hv49xjyllwu0v3u8rvl,5,1.831543
osmo1xjfgaw24t5yl094l72r9wdz03tzhpdajwl4gfh,1,0.881921
osmo1xjvte23d8v03nwryavn7akqvqlvd3e5hfwssqg,1,0.884111
osmo1xkrauutvtvcpskrf00gcnthyfz6xp26rfwpz4k,1,0.052955
osmo1xlk53ekjylpseca6f8e0kqyyklwk76aj58fd47,1,0.853289
osmo1xmgwkxgqun7v6c0jkt2va9j3n4gq5kl7a4wn45,2,1e-06
osmo1xn5s96yzw7aqklt9mvy4094h2uaz8q3t5uccf2,1,0.0001
osmo1xnpytds00wsyy863lxtxfcsaet2jkzvstt4hc9,1,5.968624
osmo1xpfc05zwa05pvv3rqu5llr54fmw5hyh4dlrc5j,2,2.0
osmo1xppn98w0gg6wl0q2g2nasmkqlf2elwpkh96gzk,4,2.539323
osmo1xsw6dy2r5n2wes3sh90t0lt654333scfgnud0l,1,0.000388
osmo1xtgl8hs97adjd8tyfjhcepdjdk5e72ne3hn4eu,1,0.96203
osmo1xu3kvl4kjcw8d3uh8gahq2g2fhfdrqjmr69jfs,1,0.5
osmo1xunjk63jlk93e42flk555va8ehtkrgl36e0qek,1,1.0
osmo1xuwl7x8htyl26t7pe3l0x6auj3j9jwd22d7dmh,1,1.013725
osmo1xxfrwvvmarz2683ncjcnsjpcdxf9486uxjg0zp,1,1.0
osmo1xxzp5xxj2mdu0ssn52p6xrp0895djsree4pz9w,1,1.0
osmo1xyn76chhccrnay48xm79me99qse7zv20ntjaru,1,0.240111
osmo1xyy5r22zs5c3qt35puxqjw4p3xvrzend6fk7rh,1,0.838943
osmo1xza9e9g74nyz4vftzr8rhnlcg975p7tyd0xq76,2,2.0
osmo1y0ayc7p0fvsyymxnlyfhm44m95fvthmws9ys8y,1,1.0
osmo1y0t5g650jcn49v66ta4ueumkd6qwxp4q86r6n6,1,0.977284
osmo1y0us8xvsvfvqkk9c6nt5cfyu5au5tww20ytuyp,3,1.0
osmo1y2j0zqwdw7uw7h7m7awlhvsa8rnc885ppqavjs,1,0.028289
osmo1y3280l0gekp5yy62t7djns5d0lk3nvs2zut5qu,1,0.34
osmo1y3697d97kfqpawsm47jks88pgq6syhcenrlcxy,1,1.0
osmo1y3cv85veatdv6wupp6u25jqtk4nq6n06gpnkzk,1,0.055197
osmo1y4e6c748psprce22n80phyztf8kexvnqmz3y0t,1,1.0
osmo1y573wwtlw47tj0flkwhphhgrpufgptxfctyw5c,1,5.086581
osmo1y6qz57ne8zhpugp5c674arwv7afdty7velsegu,1,1.0
osmo1y847jlw7zruq68c30uf749wd0pvtjvvya35ghv,4,4.000032
osmo1y8ekncqkmpjtedn2zrferz4f0mgt0zyetlz53n,1,0.000394
osmo1ya7fqfjpsx3zyr66hwvzx2840tej8urucqcytl,2,1.643106
osmo1yauwsfgq08nmptm7wplp454jj7w4cu3rp7sgah,2,2.0
osmo1yc4j8yw2wh2fcq3k7zsvntysggd93lhme4masp,1,1.201405
osmo1ydymwrllacm7xne4gjcwwjzy9tqnjgqnxsk69g,2,0.052819
osmo1yey67pxdyzue45pc77nhv38ewne2ykjsxhh5dh,3,3.0
osmo1ygsgtmn057xn7xl30hz0a3y5p7p7ltyhxgrw3q,1,0.861212
osmo1yhu7xpn8qluydetpvplkwdcxy8jerqverznql9,2,0.004646
osmo1yjxw8yevgtm8xt69d5nemwn9clhvae262jsdte,1,1.0
osmo1ykdsjrdg5pxzsjzuvym0d7uahv7y6mccx8ysls,1,1.0
osmo1yl6l479x8sxg4naf0uxlta6tutk3qt7ghxs3dy,3,1.223069
osmo1ylz207r6y9xyamez8v9hr2v9ypvxuykrq9vjs8,1,0.314331
osmo1ymeugaq0evp02v3mk5rgauuwu5c86ay3697y6m,2,2.93903
osmo1ymgtkh3rutacprkqttjhut9gg0y76469jxp48w,1,1.0
osmo1ymukkcnt8guj45eujj0fmg0xpr4swkjw2zq75c,1,0.17
osmo1ypl0y7devmgjw86gg8jn36pa3ez8rjm592kwwe,1,0.270125
osmo1yrjlqyf9r3kaxd3zea3ma02vk6meqgcjlrp6qe,1,0.006204
osmo1yrjyhz4lrj8x4pxmw0e9mygl82jzp8vamp2u6s,2,1.0
osmo1ys8d9wllcfwmyp9nnngesky5cfex8jut6ldxjn,1,0.107715
osmo1ytagpftcttkjt9y5g0e5e4eln03kjaglj8lnvy,1,1.0
osmo1ytaj26vnnv309gcl5kh9qr2klr49lkmpct9qaf,1,1.0
osmo1yw9tqtt6ugtm9lae77fx6lwa0ecfxg9n9duphu,2,0.101516
osmo1yxhjnc3u2avecdqwj63n4xeymg958aus8uw2wt,2,1.614047
osmo1yyzal8ygvltuf25qrq7eq54eap8qc09dkz4k6s,1,0.015
osmo1yzwlvzkx6mmc8ypuvk8vwcl968qn2qkqpd0jk0,1,1.0
osmo1z02449tf6vpg5hhtqylhclj82xyn7d3p0yz373,1,1.0
osmo1z0ssgfj0khzf8fc6x2j28mysgalug8aegpnr0m,4,4.0
osmo1z2g00a8xsupge8km9pfs9auzu49vkmk5ml2hl5,2,0.620847
osmo1z2p8yxg9282pvyehht725l48w8qkpc8uafu6c4,2,0.333903
osmo1z52du9vgsdpxe70j9hqvsnp8a6lkqxx60d66cp,1,0.006203
osmo1z58cwsyd47xfwzwdpef6lmclhvdp6acu4g5gc7,1,0.93892
osmo1z7wzpws9adza307glxv694d0ndgac7esz4hw9m,5,4.88946
osmo1z83gnd840qs6gdyqmzz3e3gzmktw43qzvufqqt,1,1.0
osmo1z89utvygweg5l56fsk8ak7t6hh88fd0au3z2n6,2,0.998486
osmo1z8mzakma7vnaajysmtkwt4wgjqr2m84t2hheqs,2,2.0
osmo1z92n47uyeyxwtmfsw44nawy5plxfdxpnuj3gm4,3,1.565424
osmo1z98eg2ztdp2glyla62629nrlvczg8s7f8sgpm5,3,2.014606
osmo1z9sejpmwsqcmg8cutc9l8pw278tqxz8qpe2pvp,1,1.0
osmo1zcqgcv85emwqf5qzk03wpxel36d7hrj3dr6k8x,1,1.0
osmo1zdaavhnhx8sfdqgtw9ygfxfn304d88lhj50ffm,2,0.185829
osmo1ze0h7kf8044ekqkcmwcxnhrjcevwk0tzg4wmyj,5,0.387445
osmo1ze2ye5u5k3qdlexvt2e0nn0508p0409465lts4,1,0.899898
osmo1zfcl7nna3jpasfq00hsdqvdfm9k8n0uv9fvz8n,1,1.0
osmo1zgt5zfhfjxdecdxtnhwyuey8usds8me3sdjllm,1,0.985576
osmo1zgw757f7pksgvwcn496fmdaxxyjr3gh2qq5ukj,2,1.235168
osmo1zhl4j2tsrtfcstsfv5tzkrt90hnn0jhadw9zx8,1,1.59586
osmo1zj7xjdk3gaayx98athju7usc4hrk54h6w4mnak,1,1.0
osmo1zkxqtnu8upawfa57vmr23ukkxm37kgqlaj5fhv,1,1.03087
osmo1zlk34saru8w6w667r7u0nvtkfkr2g4rwq2s342,3,2.407045
osmo1zlpegyjjudzpe7gwl5vjpmenea58ap4v37aw23,1,0.446242
osmo1zlr3fpzk3pgkgmtnkj9zd0w0jqx47apkpk3fqh,1,1.0
osmo1zmcghpyk3p3cm34w9l6deja4a7x6eyem03kyp2,1,0.013795
osmo1zmyx0tegzetxfvlutf09fagmugz2r044tgyl4v,1,0.263346
osmo1zp3et9lmgtsy4vucv2vu7x6ty74hphfdkqnta5,1,0.844563
osmo1zp5h2e06t7qgu9lcf2t52m0jrw9klksu3h3kfn,1,0.169476
osmo1zp5s60cmgfemy0s2kgfgmxkkldcu5x6t9qxhns,1,0.02
osmo1zr7aswwzskhav7w57vwpaqsafuh5uj7nyuw4v8,9,9.0
osmo1zrjj8s8j0jqq3nympzc0f9yugjmv4wfehxhg4t,1,0.921959
osmo1zs79e7ascer4j3he5dzvzxey3hkaa5p2ahcaee,1,0.925313
osmo1zt49tte9pjjamfv9vkgjk3zayv2d4n8dm9ztnw,1,1.0
osmo1ztdzqrhuv945xxjqa6af27shdaehzr2r6wehw4,2,2.17525
osmo1ztz8t88xgqvueap24ufpfun5mxc3jhmcc63uzl,1,0.014911
osmo1zug5vl5gakj4mdjpvvgm6haycvk5639s3gp6zq,2,4.802666
osmo1zv53nemw7hw7ks6f6vqs3hflyu36f079etq7en,2,2.0
osmo1zxscg98uapdsh5hmc5386vrh483m5nmn2uw682,1,1.0
osmo1zyfhfmj9scarwcvnuw7sndlqmdl0mfelhqnnm4,1,0.905646
osmo1zyqm8gmermk5mfncpvkdapaa6az4yy7kvfactw,3,3.002101
